products,prices,ratings,price_origs,pages
HP Victus Intel Core i5 11th Gen - (16 GB/512 GB SSD/Windows 11 Home/4 GB Graphics/NVIDIA GeForce GTX ...,"₹65,990",4.6,"₹88,056",/hp-victus-intel-core-i5-11th-gen-16-gb-512-gb-ssd-windows-11-home-4-graphics-nvidia-geforce-gtx-1650-16-d0311tx-gaming-laptop/p/itm22c164f45d999?pid=COMGHYYKESUN5ZKQ&lid=LSTCOMGHYYKESUN5ZKQNTQDKG&marketplace=FLIPKART&store=6bo%2Fb5g&srno=b_1_1&otracker=browse&iid=en_Vb1vxebTye4m5ke9U%2B3jwfMGNtAxxcj5Fnzf8yVKoKXYyF8IhjVuC0BCvfn9ahD%2BVWqwQTijCqeUWUawETN5xw%3D%3D&ssid=3kkqf401eo0000001678100246320
RedmiBook Pro Core i5 11th Gen - (8 GB/512 GB SSD/Windows 11 Home) Thin and Light Laptop,"₹39,990",4.1,"₹59,999",/redmibook-pro-core-i5-11th-gen-8-gb-512-gb-ssd-windows-11-home-thin-light-laptop/p/itm436427e982703?pid=COMG4Z359A4Z3MFG&lid=LSTCOMG4Z359A4Z3MFGOJQLGB&marketplace=FLIPKART&store=6bo%2Fb5g&srno=b_1_2&otracker=browse&iid=en_Vb1vxebTye4m5ke9U%2B3jwfMGNtAxxcj5Fnzf8yVKoKV9VPkR%2FKWRwG5aaT0ujcnYTj1Hc3YfkkZizBLEZSepeg%3D%3D&ssid=3kkqf401eo0000001678100246320
ASUS TUF Gaming F15 Core i5 10th Gen - (8 GB/512 GB SSD/Windows 11 Home/4 GB Graphics/NVIDIA GeForce G...,"₹49,990",4.4,"₹70,990",/asus-tuf-gaming-f15-core-i5-10th-gen-8-gb-512-gb-ssd-windows-11-home-4-graphics-nvidia-geforce-gtx-1650-144-hz-fx506lhb-hn358w-laptop/p/itm4d930ab779cbd?pid=COMGF9Z7JYCFBKAP&lid=LSTCOMGF9Z7JYCFBKAPXYET0O&marketplace=FLIPKART&store=6bo%2Fb5g&spotlightTagId=BestsellerId_6bo%2Fb5g&srno=b_1_3&otracker=browse&iid=1f314e05-6db1-46f3-be7d-731e78ef630b.COMGF9Z7JYCFBKAP.SEARCH&ssid=3kkqf401eo0000001678100246320
MSI Katana GF66 Core i5 12th Gen - (16 GB/512 GB SSD/Windows 11 Home/4 GB Graphics/NVIDIA GeForce RTX ...,"₹79,990",4.5,"₹1,11,990",/msi-katana-gf66-core-i5-12th-gen-16-gb-512-gb-ssd-windows-11-home-4-graphics-nvidia-geforce-rtx-3050-ti-144-hz-12ud-472in-gaming-laptop/p/itm0f7beb23c3a47?pid=COMGEY8WAEQYU5ZP&lid=LSTCOMGEY8WAEQYU5ZPXVBGRT&marketplace=FLIPKART&store=6bo%2Fb5g&srno=b_1_4&otracker=browse&iid=1f314e05-6db1-46f3-be7d-731e78ef630b.COMGEY8WAEQYU5ZP.SEARCH&ssid=3kkqf401eo0000001678100246320
APPLE 2020 Macbook Air M1 - (8 GB/256 GB SSD/Mac OS Big Sur) MGN63HN/A,"₹86,990",4.7,"₹99,900",/apple-2020-macbook-air-m1-8-gb-256-gb-ssd-mac-os-big-sur-mgn63hn-a/p/itmde54f026889ce?pid=COMFXEKMGNHZYFH9&lid=LSTCOMFXEKMGNHZYFH9P56X45&marketplace=FLIPKART&store=6bo%2Fb5g&srno=b_1_5&otracker=browse&iid=1f314e05-6db1-46f3-be7d-731e78ef630b.COMFXEKMGNHZYFH9.SEARCH&ssid=3kkqf401eo0000001678100246320
Lenovo V15 G2 Core i3 11th Gen - (8 GB/1 TB HDD/256 GB SSD/Windows 11 Home) V15 ITL G2 Laptop,"₹35,490",4.4,"₹60,120",/lenovo-v15-g2-core-i3-11th-gen-8-gb-1-tb-hdd-256-gb-ssd-windows-11-home-itl-laptop/p/itm622b441c5305a?pid=COMGHTE8UQZ6BADN&lid=LSTCOMGHTE8UQZ6BADNYC0C1D&marketplace=FLIPKART&store=6bo%2Fb5g&srno=b_1_6&otracker=browse&iid=1f314e05-6db1-46f3-be7d-731e78ef630b.COMGHTE8UQZ6BADN.SEARCH&ssid=3kkqf401eo0000001678100246320
ASUS VivoBook 14 (2021) Celeron Dual Core - (4 GB/256 GB SSD/Windows 11 Home) X415MA-BV011W Thin and L...,"₹23,990",4.1,"₹33,990",/asus-vivobook-14-2021-celeron-dual-core-4-gb-256-gb-ssd-windows-11-home-x415ma-bv011w-thin-light-laptop/p/itm8f9bebd99f5c0?pid=COMGBH774UHWUFQF&lid=LSTCOMGBH774UHWUFQFHH2XKA&marketplace=FLIPKART&store=6bo%2Fb5g&srno=b_1_7&otracker=browse&iid=1f314e05-6db1-46f3-be7d-731e78ef630b.COMGBH774UHWUFQF.SEARCH&ssid=3kkqf401eo0000001678100246320
HP Victus Intel Core i7 12th Gen - (8 GB/512 GB SSD/Windows 11 Home/4 GB Graphics/NVIDIA GeForce RTX 3...,"₹90,990",4.4,"₹1,01,278",/hp-victus-intel-core-i7-12th-gen-8-gb-512-gb-ssd-windows-11-home-4-graphics-nvidia-geforce-rtx-3050-144-hz-15-fa0073tx-gaming-laptop/p/itm9010e2ab6b562?pid=COMGGKKZX7FC7GHU&lid=LSTCOMGGKKZX7FC7GHUX9YXDZ&marketplace=FLIPKART&store=6bo%2Fb5g&srno=b_1_8&otracker=browse&iid=en_Vb1vxebTye4m5ke9U%2B3jwfMGNtAxxcj5Fnzf8yVKoKXJAaIG2NekFRLBM%2By7cnvmkaQ0PPIlab7oVvZkGm0%2BNg%3D%3D&ssid=3kkqf401eo0000001678100246320
MSI Alpha 15 AMD Advantage Edition Ryzen 7 Octa Core 5800H - (8 GB/512 GB SSD/Windows 11 Home/8 GB Gra...,"₹79,990",4.5,"₹1,11,990",/msi-alpha-15-amd-advantage-ryzen-7-octa-core-5800h-8-gb-512-gb-ssd-windows-11-home-8-graphics-amd-radeon-rx-6600m-144-hz-b5eek-235in-gaming-laptop/p/itm32321e9be1e31?pid=COMGGZ234HN7DARE&lid=LSTCOMGGZ234HN7DAREXRH2PL&marketplace=FLIPKART&store=6bo%2Fb5g&srno=b_1_9&otracker=browse&iid=1f314e05-6db1-46f3-be7d-731e78ef630b.COMGGZ234HN7DARE.SEARCH&ssid=3kkqf401eo0000001678100246320
HP 14s Intel Core i3 11th Gen - (8 GB/256 GB SSD/Windows 11 Home) 14s - dy2507TU Thin and Light Laptop,"₹35,990",4.2,"₹47,278",/hp-14s-intel-core-i3-11th-gen-8-gb-256-gb-ssd-windows-11-home-dy2507tu-thin-light-laptop/p/itm183e95bd1f23b?pid=COMGG63H9BFFUYVY&lid=LSTCOMGG63H9BFFUYVYFHH552&marketplace=FLIPKART&store=6bo%2Fb5g&srno=b_1_10&otracker=browse&iid=1f314e05-6db1-46f3-be7d-731e78ef630b.COMGG63H9BFFUYVY.SEARCH&ssid=3kkqf401eo0000001678100246320
ASUS VivoBook 15 (2022) Core i3 10th Gen - (8 GB/512 GB SSD/Windows 11 Home) X515JA-EJ362WS | X515JA-E...,"₹32,990",4.3,"₹45,990",/asus-vivobook-15-2022-core-i3-10th-gen-8-gb-512-gb-ssd-windows-11-home-x515ja-ej362ws-x515ja-ej392ws-x515ja-ej382ws-thin-light-laptop/p/itm8e0e9c901e006?pid=COMG87FFPEDAAGXW&lid=LSTCOMG87FFPEDAAGXWHLSICD&marketplace=FLIPKART&store=6bo%2Fb5g&srno=b_1_11&otracker=browse&iid=1f314e05-6db1-46f3-be7d-731e78ef630b.COMG87FFPEDAAGXW.SEARCH&ssid=3kkqf401eo0000001678100246320
Lenovo IdeaPad 3 Core i3 11th Gen - (8 GB/256 GB SSD/Windows 11 Home) 14ITL05 Thin and Light Laptop,"₹33,990",4.2,"₹60,890",/lenovo-ideapad-3-core-i3-11th-gen-8-gb-256-gb-ssd-windows-11-home-14itl05-thin-light-laptop/p/itme5d4463121c64?pid=COMG9VKERHP4FACH&lid=LSTCOMG9VKERHP4FACHOL4YVH&marketplace=FLIPKART&store=6bo%2Fb5g&srno=b_1_12&otracker=browse&iid=en_Vb1vxebTye4m5ke9U%2B3jwfMGNtAxxcj5Fnzf8yVKoKWzb1W5cOFQHxsWJuIajeMGgKi1nd4qoCaFDcvdIK0Gng%3D%3D&ssid=3kkqf401eo0000001678100246320
ASUS TUF Gaming A17 with 90Whr Battery Ryzen 7 Octa Core AMD R7-4800H - (8 GB/512 GB SSD/Windows 11 Ho...,"₹72,309",4.4,"₹94,990",/asus-tuf-gaming-a17-90whr-battery-ryzen-7-octa-core-amd-r7-4800h-8-gb-512-gb-ssd-windows-11-home-4-graphics-nvidia-geforce-rtx-3050-144-hz-fa706icb-hx061w-fa706ic-hx036w-laptop/p/itm1d301df445d80?pid=COMGB732ZPGYB2JP&lid=LSTCOMGB732ZPGYB2JPRDSJFF&marketplace=FLIPKART&store=6bo%2Fb5g&srno=b_1_13&otracker=browse&iid=1f314e05-6db1-46f3-be7d-731e78ef630b.COMGB732ZPGYB2JP.SEARCH&ssid=3kkqf401eo0000001678100246320
HP 15s Intel Core i3 12th Gen - (8 GB/512 GB SSD/Windows 11 Home) 15s-fq5007TU Thin and Light Laptop,"₹44,490",4.2,"₹56,260",/hp-15s-intel-core-i3-12th-gen-8-gb-512-gb-ssd-windows-11-home-15s-fq5007tu-thin-light-laptop/p/itm559f5c880dc4a?pid=COMGKW2NSU4SPZSG&lid=LSTCOMGKW2NSU4SPZSGEOIPKZ&marketplace=FLIPKART&store=6bo%2Fb5g&srno=b_1_14&otracker=browse&iid=1f314e05-6db1-46f3-be7d-731e78ef630b.COMGKW2NSU4SPZSG.SEARCH&ssid=3kkqf401eo0000001678100246320
ASUS Vivobook 15 Core i3 11th Gen - (8 GB/512 GB SSD/Windows 11 Home) X515EA-EJ322WS Thin and Light La...,"₹38,990",4.1,"₹50,990",/asus-vivobook-15-core-i3-11th-gen-8-gb-512-gb-ssd-windows-11-home-x515ea-ej322ws-thin-light-laptop/p/itmc6461360364e0?pid=COMGA5TUCZAV4HGH&lid=LSTCOMGA5TUCZAV4HGHWM8PS0&marketplace=FLIPKART&store=6bo%2Fb5g&srno=b_1_15&otracker=browse&iid=1f314e05-6db1-46f3-be7d-731e78ef630b.COMGA5TUCZAV4HGH.SEARCH&ssid=3kkqf401eo0000001678100246320
Lenovo IdeaPad 3 Core i3 11th Gen - (8 GB/512 GB SSD/Windows 11 Home) 82H801L7IN | 82H802FJIN | 82H802...,"₹37,900",4.3,"₹59,390",/lenovo-ideapad-3-core-i3-11th-gen-8-gb-512-gb-ssd-windows-11-home-82h801l7in-82h802fjin-82h802l3in-82h801lhin-thin-light-laptop/p/itm0e009f57a591b?pid=COMG9VHHG6Q3RRJX&lid=LSTCOMG9VHHG6Q3RRJXQHPK6Q&marketplace=FLIPKART&store=6bo%2Fb5g&srno=b_1_16&otracker=browse&iid=en_Vb1vxebTye4m5ke9U%2B3jwfMGNtAxxcj5Fnzf8yVKoKVWxBFjMjo483oOgml52ZHZA8e7LX5u%2Bn%2FwoAnHGy5c8w%3D%3D&ssid=3kkqf401eo0000001678100246320
Infinix INBook Y1 Plus Intel Core i3 10th Gen - (8 GB/256 GB SSD/Windows 11 Home) XL28 Thin and Light ...,"₹29,990",4.2,"₹44,990",/infinix-inbook-y1-plus-intel-core-i3-10th-gen-8-gb-256-gb-ssd-windows-11-home-xl28-thin-light-laptop/p/itm64fd5584698f7?pid=COMGMM3HY5EMNFZA&lid=LSTCOMGMM3HY5EMNFZAYFBZG8&marketplace=FLIPKART&store=6bo%2Fb5g&srno=b_1_17&otracker=browse&iid=1f314e05-6db1-46f3-be7d-731e78ef630b.COMGMM3HY5EMNFZA.SEARCH&ssid=3kkqf401eo0000001678100246320
DELL Vostro Core i3 11th Gen - (8 GB/1 TB HDD/256 GB SSD/Windows 11 Home) Vostro 3510 Thin and Light L...,"₹37,990",4,"₹58,489",/dell-vostro-core-i3-11th-gen-8-gb-1-tb-hdd-256-gb-ssd-windows-11-home-3510-thin-light-laptop/p/itm94af7689e9e9a?pid=COMGH53NQJHWAYP7&lid=LSTCOMGH53NQJHWAYP7R1RMWX&marketplace=FLIPKART&store=6bo%2Fb5g&srno=b_1_18&otracker=browse&iid=1f314e05-6db1-46f3-be7d-731e78ef630b.COMGH53NQJHWAYP7.SEARCH&ssid=3kkqf401eo0000001678100246320
Infinix INBook Y1 Plus Intel Core i3 10th Gen - (8 GB/256 GB SSD/Windows 11 Home) XL28 Thin and Light ...,"₹29,990",4.2,"₹44,990",/infinix-inbook-y1-plus-intel-core-i3-10th-gen-8-gb-256-gb-ssd-windows-11-home-xl28-thin-light-laptop/p/itm6c066be25ddde?pid=COMGMM3H4NFYZHVW&lid=LSTCOMGMM3H4NFYZHVWBONOTX&marketplace=FLIPKART&store=6bo%2Fb5g&srno=b_1_19&otracker=browse&iid=1f314e05-6db1-46f3-be7d-731e78ef630b.COMGMM3H4NFYZHVW.SEARCH&ssid=3kkqf401eo0000001678100246320
Lenovo IdeaPad Gaming Core i5 11th Gen - (8 GB/512 GB SSD/Windows 11 Home/4 GB Graphics/NVIDIA GeForce...,"₹53,990",4.3,"₹76,890",/lenovo-ideapad-gaming-core-i5-11th-gen-8-gb-512-gb-ssd-windows-11-home-4-graphics-nvidia-geforce-gtx-1650-82k101b6in-82k101ftin-laptop/p/itm52edaf472c5df?pid=COMGFM5BFZHDDB4R&lid=LSTCOMGFM5BFZHDDB4RSEPODX&marketplace=FLIPKART&store=6bo%2Fb5g&srno=b_1_20&otracker=browse&iid=en_Vb1vxebTye4m5ke9U%2B3jwfMGNtAxxcj5Fnzf8yVKoKXzG%2Fiq4eJqBvzDVkmUrzwwCwYlu7her6AyfG1oiA8JWg%3D%3D&ssid=3kkqf401eo0000001678100246320
HP Pavilion Intel Core i5 12th Gen - (16 GB/512 GB SSD/Windows 11 Home) 14-dv2014TU Thin and Light Lap...,"₹67,490",4.4,"₹80,596",/hp-pavilion-intel-core-i5-12th-gen-16-gb-512-gb-ssd-windows-11-home-14-dv2014tu-thin-light-laptop/p/itmf2da8088aa614?pid=COMGEG3ZNYZDAYVJ&lid=LSTCOMGEG3ZNYZDAYVJNYHV3Q&marketplace=FLIPKART&store=6bo%2Fb5g&srno=b_1_21&otracker=browse&iid=1f314e05-6db1-46f3-be7d-731e78ef630b.COMGEG3ZNYZDAYVJ.SEARCH&ssid=3kkqf401eo0000001678100246320
HP Ryzen 5 Hexa Core 5500U - (16 GB/512 GB SSD/Windows 11 Home) 15s- eq2182AU Thin and Light Laptop,"₹48,990",4.3,"₹59,108",/hp-ryzen-5-hexa-core-5500u-16-gb-512-gb-ssd-windows-11-home-15s-eq2182au-thin-light-laptop/p/itm09b322c037285?pid=COMGFRHGDB9G3Z9C&lid=LSTCOMGFRHGDB9G3Z9CBGKRA6&marketplace=FLIPKART&store=6bo%2Fb5g&srno=b_1_22&otracker=browse&iid=1f314e05-6db1-46f3-be7d-731e78ef630b.COMGFRHGDB9G3Z9C.SEARCH&ssid=3kkqf401eo0000001678100246320
MSI Katana GF66 Core i7 11th Gen - (16 GB/512 GB SSD/Windows 10 Home/6 GB Graphics/NVIDIA GeForce RTX ...,"₹79,990",4.3,"₹1,23,990",/msi-katana-gf66-core-i7-11th-gen-16-gb-512-gb-ssd-windows-10-home-6-graphics-nvidia-geforce-rtx-3060-144-hz-11ue-861in-gaming-laptop/p/itm38e396a4d4d5c?pid=COMGEY8WGQXWHYXU&lid=LSTCOMGEY8WGQXWHYXU1RLJ8X&marketplace=FLIPKART&store=6bo%2Fb5g&srno=b_1_23&otracker=browse&iid=1f314e05-6db1-46f3-be7d-731e78ef630b.COMGEY8WGQXWHYXU.SEARCH&ssid=3kkqf401eo0000001678100246320
Lenovo Lenovo IdeaPad Slim 3 Intel Core i3 11th Gen - (8 GB/512 GB SSD/Windows 11 Home) 81X800J3IN | 8...,"₹38,490",4.3,"₹59,890",/lenovo-ideapad-slim-3-intel-core-i3-11th-gen-8-gb-512-gb-ssd-windows-11-home-81x800j3in-81x800lgin-thin-light-laptop/p/itm0f71148608a53?pid=COMGBNFUTNYFZRJQ&lid=LSTCOMGBNFUTNYFZRJQFAMIHE&marketplace=FLIPKART&store=6bo%2Fb5g&srno=b_1_24&otracker=browse&iid=en_Vb1vxebTye4m5ke9U%2B3jwfMGNtAxxcj5Fnzf8yVKoKW4fy%2Bgy1cYbvypD7xUj2xXaxKwlIa7arRtub0ZKhhPCQ%3D%3D&ssid=3kkqf401eo0000001678100246320
acer Aspire 3 Ryzen 3 Dual Core 3250U - (8 GB/256 GB SSD/Windows 11 Home) A315-23 Laptop,"₹26,990",4.2,"₹42,999",/acer-aspire-3-ryzen-dual-core-3250u-8-gb-256-gb-ssd-windows-11-home-a315-23-laptop/p/itm6961e2f1ddc21?pid=COMGFY85CRF3KF5W&lid=LSTCOMGFY85CRF3KF5WFX1VHM&marketplace=FLIPKART&store=6bo%2Fb5g&srno=b_2_25&otracker=browse&iid=368a105f-49ca-4a0c-94a8-6032a5aa8f4b.COMGFY85CRF3KF5W.SEARCH&ssid=jobgy7rxuo0000001678100249286
HP Pavilion Ryzen 5 Hexa Core 5625U - (8 GB/512 GB SSD/Windows 11 Home) 14-EC1003AU Thin and Light Lap...,"₹52,990",4.3,"₹63,325",/hp-pavilion-ryzen-5-hexa-core-5625u-8-gb-512-gb-ssd-windows-11-home-14-ec1003au-thin-light-laptop/p/itm1a257206fe320?pid=COMGCGSTVVGKQTVA&lid=LSTCOMGCGSTVVGKQTVAJVF572&marketplace=FLIPKART&store=6bo%2Fb5g&srno=b_2_26&otracker=browse&iid=368a105f-49ca-4a0c-94a8-6032a5aa8f4b.COMGCGSTVVGKQTVA.SEARCH&ssid=jobgy7rxuo0000001678100249286
ASUS Vivobook 15 Touch Core i3 11th Gen - (8 GB/512 GB SSD/Windows 11 Home) X515EA-EZ311WS Thin and Li...,"₹41,990",4.3,"₹60,990",/asus-vivobook-15-touch-core-i3-11th-gen-8-gb-512-gb-ssd-windows-11-home-x515ea-ez311ws-thin-light-laptop/p/itm9280b4ca3969f?pid=COMGEFDUVGNNCZVU&lid=LSTCOMGEFDUVGNNCZVUM0H7GM&marketplace=FLIPKART&store=6bo%2Fb5g&srno=b_2_27&otracker=browse&iid=368a105f-49ca-4a0c-94a8-6032a5aa8f4b.COMGEFDUVGNNCZVU.SEARCH&ssid=jobgy7rxuo0000001678100249286
HP Victus Intel Core i5 11th Gen - (16 GB/512 GB SSD/Windows 11 Home/4 GB Graphics/NVIDIA GeForce GTX ...,"₹65,990",4.6,"₹88,056",/hp-victus-intel-core-i5-11th-gen-16-gb-512-gb-ssd-windows-11-home-4-graphics-nvidia-geforce-gtx-1650-16-d0311tx-gaming-laptop/p/itm22c164f45d999?pid=COMGHYYKESUN5ZKQ&lid=LSTCOMGHYYKESUN5ZKQNTQDKG&marketplace=FLIPKART&store=6bo%2Fb5g&srno=b_2_28&otracker=browse&iid=en_9lNSr1PTH66dODOlx8WxotxreLU2PXI5jLTt3lyNMMIhJHBdtvWcgeKGag0lxYZFVWqwQTijCqeUWUawETN5xw%3D%3D&ssid=jobgy7rxuo0000001678100249286
ASUS VivoBook Flip 14 Core i3 11th Gen - (8 GB/256 GB SSD/Windows 11 Home) TP470EA-EC301WS 2 in 1 Lapt...,"₹44,990",4.4,"₹63,990",/asus-vivobook-flip-14-core-i3-11th-gen-8-gb-256-gb-ssd-windows-11-home-tp470ea-ec301ws-2-1-laptop/p/itma917de411489d?pid=COMGARNU7KVANJ8E&lid=LSTCOMGARNU7KVANJ8ED5MPUN&marketplace=FLIPKART&store=6bo%2Fb5g&srno=b_2_29&otracker=browse&iid=368a105f-49ca-4a0c-94a8-6032a5aa8f4b.COMGARNU7KVANJ8E.SEARCH&ssid=jobgy7rxuo0000001678100249286
DELL Core i5 12th Gen - (8 GB/1 TB HDD/256 GB SSD/Windows 11 Home) New Inspiron 15 Laptop Thin and Lig...,"₹53,990",4.1,"₹72,094",/dell-core-i5-12th-gen-8-gb-1-tb-hdd-256-gb-ssd-windows-11-home-new-inspiron-15-laptop-thin-light/p/itm148ac85e4b92b?pid=COMGKAVGAGWWHZ2Y&lid=LSTCOMGKAVGAGWWHZ2YTPN3MS&marketplace=FLIPKART&store=6bo%2Fb5g&srno=b_2_30&otracker=browse&iid=368a105f-49ca-4a0c-94a8-6032a5aa8f4b.COMGKAVGAGWWHZ2Y.SEARCH&ssid=jobgy7rxuo0000001678100249286
ASUS Vivobook 15 Core i7 11th Gen - (16 GB/512 GB SSD/Windows 11 Home) X515EA-EJ701WS Thin and Light L...,"₹56,990",4.1,"₹80,990",/asus-vivobook-15-core-i7-11th-gen-16-gb-512-gb-ssd-windows-11-home-x515ea-ej701ws-thin-light-laptop/p/itmb91512fec2b91?pid=COMGJTC4GY5PV8PD&lid=LSTCOMGJTC4GY5PV8PDYU63VL&marketplace=FLIPKART&store=6bo%2Fb5g&srno=b_2_31&otracker=browse&iid=368a105f-49ca-4a0c-94a8-6032a5aa8f4b.COMGJTC4GY5PV8PD.SEARCH&ssid=jobgy7rxuo0000001678100249286
RedmiBook Pro Core i5 11th Gen - (8 GB/512 GB SSD/Windows 11 Home) Thin and Light Laptop,"₹39,990",4.1,"₹59,999",/redmibook-pro-core-i5-11th-gen-8-gb-512-gb-ssd-windows-11-home-thin-light-laptop/p/itm436427e982703?pid=COMG4Z359A4Z3MFG&lid=LSTCOMG4Z359A4Z3MFGOJQLGB&marketplace=FLIPKART&store=6bo%2Fb5g&srno=b_2_32&otracker=browse&iid=en_9lNSr1PTH66dODOlx8WxotxreLU2PXI5jLTt3lyNMMLxrCFn89Ve2EaWj0cblnwTTj1Hc3YfkkZizBLEZSepeg%3D%3D&ssid=jobgy7rxuo0000001678100249286
HP Athlon Dual Core 3050U - (8 GB/256 GB SSD/Windows 11 Home) 14s-fq0568AU Thin and Light Laptop,"₹25,990",4,"₹38,176",/hp-athlon-dual-core-3050u-8-gb-256-gb-ssd-windows-11-home-14s-fq0568au-thin-light-laptop/p/itm69710a61fcfdf?pid=COMGG63HHFBZ2BZP&lid=LSTCOMGG63HHFBZ2BZPO05AZF&marketplace=FLIPKART&store=6bo%2Fb5g&srno=b_2_33&otracker=browse&iid=368a105f-49ca-4a0c-94a8-6032a5aa8f4b.COMGG63HHFBZ2BZP.SEARCH&ssid=jobgy7rxuo0000001678100249286
ASUS VivoBook 14 (2022) Ryzen 5 Quad Core AMD R5-3500U - (8 GB/512 GB SSD/Windows 11 Home) M415DA-EB71...,"₹38,990",4.2,"₹57,990",/asus-vivobook-14-2022-ryzen-5-quad-core-amd-r5-3500u-8-gb-512-gb-ssd-windows-11-home-m415da-eb712ws-thin-light-laptop/p/itm291ea229a80a6?pid=COMGCG2GZKRCJUBZ&lid=LSTCOMGCG2GZKRCJUBZ1XPKVP&marketplace=FLIPKART&store=6bo%2Fb5g&srno=b_2_34&otracker=browse&iid=368a105f-49ca-4a0c-94a8-6032a5aa8f4b.COMGCG2GZKRCJUBZ.SEARCH&ssid=jobgy7rxuo0000001678100249286
Infinix INBook Y1 Plus Intel Core i3 10th Gen - (8 GB/256 GB SSD/Windows 11 Home) XL28 Thin and Light ...,"₹29,990",4.2,"₹44,990",/infinix-inbook-y1-plus-intel-core-i3-10th-gen-8-gb-256-gb-ssd-windows-11-home-xl28-thin-light-laptop/p/itma467922442d47?pid=COMGMM3HYU32ZHDH&lid=LSTCOMGMM3HYU32ZHDHYH8G6S&marketplace=FLIPKART&store=6bo%2Fb5g&srno=b_2_35&otracker=browse&iid=368a105f-49ca-4a0c-94a8-6032a5aa8f4b.COMGMM3HYU32ZHDH.SEARCH&ssid=jobgy7rxuo0000001678100249286
HP Victus Intel Core i7 12th Gen - (8 GB/512 GB SSD/Windows 11 Home/4 GB Graphics/NVIDIA GeForce RTX 3...,"₹90,990",4.4,"₹1,01,278",/hp-victus-intel-core-i7-12th-gen-8-gb-512-gb-ssd-windows-11-home-4-graphics-nvidia-geforce-rtx-3050-144-hz-15-fa0073tx-gaming-laptop/p/itm9010e2ab6b562?pid=COMGGKKZX7FC7GHU&lid=LSTCOMGGKKZX7FC7GHUX9YXDZ&marketplace=FLIPKART&store=6bo%2Fb5g&srno=b_2_36&otracker=browse&iid=en_9lNSr1PTH66dODOlx8WxotxreLU2PXI5jLTt3lyNMMJSxh0Ua72f%2BZFsL1FPbYHj%2F9%2FS4A4kr%2FhpC1E5DyWeuw%3D%3D&ssid=jobgy7rxuo0000001678100249286
Lenovo IdeaPad 3 Core i3 11th Gen - (8 GB/512 GB SSD/Windows 11 Home) 82H801L7IN | 82H802FJIN | 82H802...,"₹37,900",4.3,"₹59,390",/lenovo-ideapad-3-core-i3-11th-gen-8-gb-512-gb-ssd-windows-11-home-82h801l7in-82h802fjin-82h802l3in-82h801lhin-thin-light-laptop/p/itm0e009f57a591b?pid=COMG9VHHG6Q3RRJX&lid=LSTCOMG9VHHG6Q3RRJXQHPK6Q&marketplace=FLIPKART&store=6bo%2Fb5g&srno=b_2_37&otracker=browse&iid=368a105f-49ca-4a0c-94a8-6032a5aa8f4b.COMG9VHHG6Q3RRJX.SEARCH&ssid=jobgy7rxuo0000001678100249286
acer Aspire 7 Core i5 12th Gen - (16 GB/512 GB SSD/Windows 11 Home/4 GB Graphics/NVIDIA GeForce GTX 16...,"₹61,990",4.3,"₹85,999",/acer-aspire-7-core-i5-12th-gen-16-gb-512-gb-ssd-windows-11-home-4-graphics-nvidia-geforce-gtx-1650-a715-5g-a715-51g-gaming-laptop/p/itm442577a46ec1f?pid=COMGGJZVRQHWHDVH&lid=LSTCOMGGJZVRQHWHDVHT5QLFD&marketplace=FLIPKART&store=6bo%2Fb5g&srno=b_2_38&otracker=browse&iid=368a105f-49ca-4a0c-94a8-6032a5aa8f4b.COMGGJZVRQHWHDVH.SEARCH&ssid=jobgy7rxuo0000001678100249286
APPLE 2020 Macbook Air M1 - (8 GB/256 GB SSD/Mac OS Big Sur) MGN93HN/A,"₹86,990",4.7,"₹99,900",/apple-2020-macbook-air-m1-8-gb-256-gb-ssd-mac-os-big-sur-mgn93hn-a/p/itmb53580bb51a7e?pid=COMFXEKMXWUMGPHW&lid=LSTCOMFXEKMXWUMGPHWKF7Y8O&marketplace=FLIPKART&store=6bo%2Fb5g&srno=b_2_39&otracker=browse&iid=368a105f-49ca-4a0c-94a8-6032a5aa8f4b.COMFXEKMXWUMGPHW.SEARCH&ssid=jobgy7rxuo0000001678100249286
Lenovo Lenovo IdeaPad Slim 3 Intel Core i3 11th Gen - (8 GB/512 GB SSD/Windows 11 Home) 81X800J3IN | 8...,"₹38,490",4.3,"₹59,890",/lenovo-ideapad-slim-3-intel-core-i3-11th-gen-8-gb-512-gb-ssd-windows-11-home-81x800j3in-81x800lgin-thin-light-laptop/p/itm0f71148608a53?pid=COMGBNFUTNYFZRJQ&lid=LSTCOMGBNFUTNYFZRJQFAMIHE&marketplace=FLIPKART&store=6bo%2Fb5g&srno=b_2_40&otracker=browse&iid=en_9lNSr1PTH66dODOlx8WxotxreLU2PXI5jLTt3lyNMMKNnn4%2Fwzkcd8GkxK%2F3iL7gPAxr7UtmpR%2BiS3L%2BNs7HVg%3D%3D&ssid=jobgy7rxuo0000001678100249286
Lenovo IdeaPad 3 Core i3 11th Gen - (8 GB/256 GB SSD/Windows 11 Home) 14ITL05 Thin and Light Laptop,"₹33,990",4.2,"₹60,890",/lenovo-ideapad-3-core-i3-11th-gen-8-gb-256-gb-ssd-windows-11-home-14itl05-thin-light-laptop/p/itme5d4463121c64?pid=COMG9VKERHP4FACH&lid=LSTCOMG9VKERHP4FACHOL4YVH&marketplace=FLIPKART&store=6bo%2Fb5g&srno=b_2_41&otracker=browse&iid=368a105f-49ca-4a0c-94a8-6032a5aa8f4b.COMG9VKERHP4FACH.SEARCH&ssid=jobgy7rxuo0000001678100249286
HP Ryzen 7 Octa Core 5700U - (16 GB/512 GB SSD/Windows 11 Home) 14s-fy1005AU Thin and Light Laptop,"₹58,990",4.2,"₹71,766",/hp-ryzen-7-octa-core-5700u-16-gb-512-gb-ssd-windows-11-home-14s-fy1005au-thin-light-laptop/p/itm77442b0d00185?pid=COMGG3S9SZMBSGBY&lid=LSTCOMGG3S9SZMBSGBYMF5RIT&marketplace=FLIPKART&store=6bo%2Fb5g&srno=b_2_42&otracker=browse&iid=368a105f-49ca-4a0c-94a8-6032a5aa8f4b.COMGG3S9SZMBSGBY.SEARCH&ssid=jobgy7rxuo0000001678100249286
ASUS Vivobook 15 Touch Core i5 11th Gen - (8 GB/512 GB SSD/Windows 11 Home) X515EA-EZ501WS Thin and Li...,"₹51,990",4.3,"₹74,990",/asus-vivobook-15-touch-core-i5-11th-gen-8-gb-512-gb-ssd-windows-11-home-x515ea-ez501ws-thin-light-laptop/p/itm26c5a90e36562?pid=COMGEFDUTSJZGPRS&lid=LSTCOMGEFDUTSJZGPRSMJ1UDU&marketplace=FLIPKART&store=6bo%2Fb5g&srno=b_2_43&otracker=browse&iid=368a105f-49ca-4a0c-94a8-6032a5aa8f4b.COMGEFDUTSJZGPRS.SEARCH&ssid=jobgy7rxuo0000001678100249286
Lenovo IdeaPad Slim 3 Core i3 11th Gen - (8 GB/256 GB SSD/Windows 11 Home) 15ITL05 Thin and Light Lapt...,"₹59,390",,"₹59,390",/lenovo-ideapad-slim-3-core-i3-11th-gen-8-gb-256-gb-ssd-windows-11-home-15itl05-thin-light-laptop/p/itm409e7356d6162?pid=COMGN29YGMXF5DNH&lid=LSTCOMGN29YGMXF5DNHZKTYJV&marketplace=FLIPKART&store=6bo%2Fb5g&srno=b_2_44&otracker=browse&iid=en_9lNSr1PTH66dODOlx8WxotxreLU2PXI5jLTt3lyNMMJVUv5qhaFwkUq5CKHUYRktLTRfKJlYViBsEZ0dMnyxRQ%3D%3D&ssid=jobgy7rxuo0000001678100249286
HP Pavilion Ryzen 5 Hexa Core 5625U - (16 GB/512 GB SSD/Windows 11 Home) 14-EC1019AU Thin and Light La...,"₹61,990",4.4,"₹72,536",/hp-pavilion-ryzen-5-hexa-core-5625u-16-gb-512-gb-ssd-windows-11-home-14-ec1019au-thin-light-laptop/p/itm4ec1b61477716?pid=COMGDSFCWQY5EFZB&lid=LSTCOMGDSFCWQY5EFZBI2IRJS&marketplace=FLIPKART&store=6bo%2Fb5g&srno=b_2_45&otracker=browse&iid=368a105f-49ca-4a0c-94a8-6032a5aa8f4b.COMGDSFCWQY5EFZB.SEARCH&ssid=jobgy7rxuo0000001678100249286
HP Ryzen 3 Quad Core 5300U - (8 GB/512 GB SSD/Windows 11 Home) 14s-fq1089au Thin and Light Laptop,"₹39,790",4.3,"₹48,294",/hp-ryzen-3-quad-core-5300u-8-gb-512-gb-ssd-windows-11-home-14s-fq1089au-thin-light-laptop/p/itm30e084d034979?pid=COMGAY9Y7WXZYFDA&lid=LSTCOMGAY9Y7WXZYFDAYEJGOH&marketplace=FLIPKART&store=6bo%2Fb5g&srno=b_2_46&otracker=browse&iid=368a105f-49ca-4a0c-94a8-6032a5aa8f4b.COMGAY9Y7WXZYFDA.SEARCH&ssid=jobgy7rxuo0000001678100249286
ASUS VivoBook K15 OLED Ryzen 5 Hexa Core AMD R5-5500U - (16 GB/512 GB SSD/Windows 11 Home) KM513UA-L51...,"₹56,990",4.4,"₹80,990",/asus-vivobook-k15-oled-ryzen-5-hexa-core-amd-r5-5500u-16-gb-512-gb-ssd-windows-11-home-km513ua-l513ws-thin-light-laptop/p/itm17fc91defb5f1?pid=COMGB6DZ2CWGEPPU&lid=LSTCOMGB6DZ2CWGEPPUWBHR1I&marketplace=FLIPKART&store=6bo%2Fb5g&srno=b_2_47&otracker=browse&iid=368a105f-49ca-4a0c-94a8-6032a5aa8f4b.COMGB6DZ2CWGEPPU.SEARCH&ssid=jobgy7rxuo0000001678100249286
Lenovo IdeaPad 3 Ryzen 5 Hexa Core 5500U - (8 GB/512 GB SSD/Windows 11 Home) 15ALC6 Thin and Light Lap...,"₹45,126",4.3,"₹68,490",/lenovo-ideapad-3-ryzen-5-hexa-core-5500u-8-gb-512-gb-ssd-windows-11-home-15alc6-thin-light-laptop/p/itm790def6ef6b6f?pid=COMG9VHHF6HVJPP9&lid=LSTCOMG9VHHF6HVJPP9U213LU&marketplace=FLIPKART&store=6bo%2Fb5g&srno=b_2_48&otracker=browse&iid=en_9lNSr1PTH66dODOlx8WxotxreLU2PXI5jLTt3lyNMMIBH83bDtfbQjlEK0dXhm3eS4lXn4otu4VE1o4S8e22qA%3D%3D&ssid=jobgy7rxuo0000001678100249286
ASUS Vivobook 15 Core i5 11th Gen - (8 GB/512 GB SSD/Windows 11 Home) X515EA-BQ522WS Thin and Light La...,"₹49,990",4.2,"₹69,990",/asus-vivobook-15-core-i5-11th-gen-8-gb-512-gb-ssd-windows-11-home-x515ea-bq522ws-thin-light-laptop/p/itm288b0b090b4de?pid=COMGDRNRY8YB3KEG&lid=LSTCOMGDRNRY8YB3KEGDE7H8T&marketplace=FLIPKART&store=6bo%2Fb5g&srno=b_3_49&otracker=browse&iid=e5a534b3-17fa-46cd-a12a-4f325f8a6799.COMGDRNRY8YB3KEG.SEARCH&ssid=fhdh6zaagg0000001678100251718
DELL Core i5 12th Gen - (8 GB/512 GB SSD/Windows 11 Home/2 GB Graphics) New Inspiron 15 Laptop Thin an...,"₹63,890",,"₹91,292",/dell-core-i5-12th-gen-8-gb-512-gb-ssd-windows-11-home-2-graphics-new-inspiron-15-laptop-thin-light/p/itm928f882f2c204?pid=COMGJ75HVGFXHX7H&lid=LSTCOMGJ75HVGFXHX7H241S9C&marketplace=FLIPKART&store=6bo%2Fb5g&srno=b_3_50&otracker=browse&iid=e5a534b3-17fa-46cd-a12a-4f325f8a6799.COMGJ75HVGFXHX7H.SEARCH&ssid=fhdh6zaagg0000001678100251718
Lenovo Lenovo IdeaPad Slim 3 Intel Core i3 11th Gen - (8 GB/256 GB SSD/Windows 11 Home) 15ITL05 Thin a...,"₹33,490",4.2,"₹48,490",/lenovo-ideapad-slim-3-intel-core-i3-11th-gen-8-gb-256-gb-ssd-windows-11-home-15itl05-thin-light-laptop/p/itmfeceb3575a35f?pid=COMGHA9RPMRF2BAR&lid=LSTCOMGHA9RPMRF2BARF6GSIV&marketplace=FLIPKART&store=6bo%2Fb5g&srno=b_3_51&otracker=browse&iid=e5a534b3-17fa-46cd-a12a-4f325f8a6799.COMGHA9RPMRF2BAR.SEARCH&ssid=fhdh6zaagg0000001678100251718
HP Victus Intel Core i5 11th Gen - (16 GB/512 GB SSD/Windows 11 Home/4 GB Graphics/NVIDIA GeForce GTX ...,"₹65,990",4.6,"₹88,056",/hp-victus-intel-core-i5-11th-gen-16-gb-512-gb-ssd-windows-11-home-4-graphics-nvidia-geforce-gtx-1650-16-d0311tx-gaming-laptop/p/itm22c164f45d999?pid=COMGHYYKESUN5ZKQ&lid=LSTCOMGHYYKESUN5ZKQNTQDKG&marketplace=FLIPKART&store=6bo%2Fb5g&srno=b_3_52&otracker=browse&iid=en_9fXWY1vVdkvXJ7nUAQdRtCwsusZwgq83F3066fkkwKyKd12fRk9R2uvXeYH7NrfbVWqwQTijCqeUWUawETN5xw%3D%3D&ssid=fhdh6zaagg0000001678100251718
APPLE 2022 MacBook AIR M2 - (8 GB/256 GB SSD/Mac OS Monterey) MLXW3HN/A,"₹1,13,990",4.6,"₹1,19,900",/apple-2022-macbook-air-m2-8-gb-256-gb-ssd-mac-os-monterey-mlxw3hn-a/p/itm9da65ee831fac?pid=COMGFB2GSG8EQXCQ&lid=LSTCOMGFB2GSG8EQXCQCYZEC9&marketplace=FLIPKART&store=6bo%2Fb5g&srno=b_3_53&otracker=browse&iid=e5a534b3-17fa-46cd-a12a-4f325f8a6799.COMGFB2GSG8EQXCQ.SEARCH&ssid=fhdh6zaagg0000001678100251718
ASUS Vivobook Pro 15 OLED Ryzen 7 Octa Core AMD R7-4800H - (16 GB/512 GB SSD/Windows 11 Home/4 GB Grap...,"₹65,990",4.5,"₹88,990",/asus-vivobook-pro-15-oled-ryzen-7-octa-core-amd-r7-4800h-16-gb-512-gb-ssd-windows-11-home-4-graphics-nvidia-geforce-gtx-1650-max-q-m6500ih-l1701ws-creator-laptop/p/itm54b817c900023?pid=COMGG3S9HBQRYGX8&lid=LSTCOMGG3S9HBQRYGX8NCNHND&marketplace=FLIPKART&store=6bo%2Fb5g&srno=b_3_54&otracker=browse&iid=e5a534b3-17fa-46cd-a12a-4f325f8a6799.COMGG3S9HBQRYGX8.SEARCH&ssid=fhdh6zaagg0000001678100251718
HP Ryzen 5 Hexa Core 5500U - (8 GB/512 GB SSD/Windows 11 Home) 14s-fq1092au Thin and Light Laptop,"₹47,990",4.2,"₹55,690",/hp-ryzen-5-hexa-core-5500u-8-gb-512-gb-ssd-windows-11-home-14s-fq1092au-thin-light-laptop/p/itm808dc28eb54e7?pid=COMGAX8EYBZZDXY6&lid=LSTCOMGAX8EYBZZDXY6KGWIPZ&marketplace=FLIPKART&store=6bo%2Fb5g&srno=b_3_55&otracker=browse&iid=e5a534b3-17fa-46cd-a12a-4f325f8a6799.COMGAX8EYBZZDXY6.SEARCH&ssid=fhdh6zaagg0000001678100251718
RedmiBook Pro Core i5 11th Gen - (8 GB/512 GB SSD/Windows 11 Home) Thin and Light Laptop,"₹39,990",4.1,"₹59,999",/redmibook-pro-core-i5-11th-gen-8-gb-512-gb-ssd-windows-11-home-thin-light-laptop/p/itm436427e982703?pid=COMG4Z359A4Z3MFG&lid=LSTCOMG4Z359A4Z3MFGOJQLGB&marketplace=FLIPKART&store=6bo%2Fb5g&srno=b_3_56&otracker=browse&iid=en_9fXWY1vVdkvXJ7nUAQdRtCwsusZwgq83F3066fkkwKy7Kdn3%2FiO2mjT%2B0Oox6rxvTj1Hc3YfkkZizBLEZSepeg%3D%3D&ssid=fhdh6zaagg0000001678100251718
HP Ryzen 5 Hexa Core 5500U - (16 GB/512 GB SSD/Windows 11 Home) 14s-fy1003AU Thin and Light Laptop,"₹50,490",4.2,"₹59,240",/hp-ryzen-5-hexa-core-5500u-16-gb-512-gb-ssd-windows-11-home-14s-fy1003au-thin-light-laptop/p/itm0da2f0fc45d99?pid=COMGG3S9HWSFYNHW&lid=LSTCOMGG3S9HWSFYNHWUE3QX5&marketplace=FLIPKART&store=6bo%2Fb5g&srno=b_3_57&otracker=browse&iid=e5a534b3-17fa-46cd-a12a-4f325f8a6799.COMGG3S9HWSFYNHW.SEARCH&ssid=fhdh6zaagg0000001678100251718
ASUS Vivobook Pro 15 Ryzen 7 Octa Core AMD R7-4800H - (16 GB/512 GB SSD/Windows 11 Home/4 GB Graphics/...,"₹57,990",4.5,"₹82,990",/asus-vivobook-pro-15-ryzen-7-octa-core-amd-r7-4800h-16-gb-512-gb-ssd-windows-11-home-4-graphics-nvidia-geforce-gtx-1650-max-q-m6500ih-hn702ws-creator-laptop/p/itmfaba2ef5035c4?pid=COMGG3S9WZXTUHH2&lid=LSTCOMGG3S9WZXTUHH2XI7I6Q&marketplace=FLIPKART&store=6bo%2Fb5g&srno=b_3_58&otracker=browse&iid=e5a534b3-17fa-46cd-a12a-4f325f8a6799.COMGG3S9WZXTUHH2.SEARCH&ssid=fhdh6zaagg0000001678100251718
DELL Inspiron Core i5 12th Gen - (8 GB/512 GB SSD/Windows 11 Home) New Inspiron 15 Laptop Thin and Lig...,"₹58,790",,"₹81,487",/dell-inspiron-core-i5-12th-gen-8-gb-512-gb-ssd-windows-11-home-new-15-laptop-thin-light/p/itmae0ed2021be79?pid=COMGJ75HN66KHZYB&lid=LSTCOMGJ75HN66KHZYBAIP1H7&marketplace=FLIPKART&store=6bo%2Fb5g&srno=b_3_59&otracker=browse&iid=e5a534b3-17fa-46cd-a12a-4f325f8a6799.COMGJ75HN66KHZYB.SEARCH&ssid=fhdh6zaagg0000001678100251718
HP Victus Intel Core i7 12th Gen - (8 GB/512 GB SSD/Windows 11 Home/4 GB Graphics/NVIDIA GeForce RTX 3...,"₹90,990",4.4,"₹1,01,278",/hp-victus-intel-core-i7-12th-gen-8-gb-512-gb-ssd-windows-11-home-4-graphics-nvidia-geforce-rtx-3050-144-hz-15-fa0073tx-gaming-laptop/p/itm9010e2ab6b562?pid=COMGGKKZX7FC7GHU&lid=LSTCOMGGKKZX7FC7GHUX9YXDZ&marketplace=FLIPKART&store=6bo%2Fb5g&srno=b_3_60&otracker=browse&iid=en_9fXWY1vVdkvXJ7nUAQdRtCwsusZwgq83F3066fkkwKwLSHav2PnzM1jqNKShtgsq%2F9%2FS4A4kr%2FhpC1E5DyWeuw%3D%3D&ssid=fhdh6zaagg0000001678100251718
HP Pavilion Ryzen 5 Hexa Core AMD R5-5600H - (8 GB/512 GB SSD/Windows 11 Home/4 GB Graphics/NVIDIA GeF...,"₹66,990",4.5,"₹81,869",/hp-pavilion-ryzen-5-hexa-core-amd-r5-5600h-8-gb-512-gb-ssd-windows-11-home-4-graphics-nvidia-geforce-rtx-3050-144-hz-15-ec2145ax-gaming-laptop/p/itmbb28e8f26e4d1?pid=COMG92FXBNZSKYBD&lid=LSTCOMG92FXBNZSKYBDB8CIDK&marketplace=FLIPKART&store=6bo%2Fb5g&srno=b_3_61&otracker=browse&iid=e5a534b3-17fa-46cd-a12a-4f325f8a6799.COMG92FXBNZSKYBD.SEARCH&ssid=fhdh6zaagg0000001678100251718
acer Aspire 7 Ryzen 5 Hexa Core AMD R5-5500U - (8 GB/512 GB SSD/Windows 11 Home/4 GB Graphics/NVIDIA G...,"₹52,990",4.4,"₹76,999",/acer-aspire-7-ryzen-5-hexa-core-amd-r5-5500u-8-gb-512-gb-ssd-windows-11-home-4-graphics-nvidia-geforce-gtx-1650-a715-42g-a715-42g-r2ne-gaming-laptop/p/itmf26ac2ffc71a8?pid=COMGYCG8ZBXWPYUU&lid=LSTCOMGYCG8ZBXWPYUUSTSMVQ&marketplace=FLIPKART&store=6bo%2Fb5g&srno=b_3_62&otracker=browse&iid=e5a534b3-17fa-46cd-a12a-4f325f8a6799.COMGYCG8ZBXWPYUU.SEARCH&ssid=fhdh6zaagg0000001678100251718
APPLE 2023 MacBook Pro M2 Pro - (16 GB/512 GB SSD/macOS Ventura) MPHE3HN/A,"₹1,99,900",,"₹1,99,900",/apple-2023-macbook-pro-m2-16-gb-512-gb-ssd-macos-ventura-mphe3hn-a/p/itm4add2a5623d7e?pid=COMGHZGHYVZZ5K3Y&lid=LSTCOMGHZGHYVZZ5K3YGXY8G7&marketplace=FLIPKART&store=6bo%2Fb5g&srno=b_3_63&otracker=browse&iid=e5a534b3-17fa-46cd-a12a-4f325f8a6799.COMGHZGHYVZZ5K3Y.SEARCH&ssid=fhdh6zaagg0000001678100251718
Lenovo IdeaPad 3 Core i3 11th Gen - (8 GB/256 GB SSD/Windows 11 Home) 14ITL05 Thin and Light Laptop,"₹33,990",4.2,"₹60,890",/lenovo-ideapad-3-core-i3-11th-gen-8-gb-256-gb-ssd-windows-11-home-14itl05-thin-light-laptop/p/itme5d4463121c64?pid=COMG9VKERHP4FACH&lid=LSTCOMG9VKERHP4FACHOL4YVH&marketplace=FLIPKART&store=6bo%2Fb5g&srno=b_3_64&otracker=browse&iid=en_9fXWY1vVdkvXJ7nUAQdRtCwsusZwgq83F3066fkkwKx8if%2FQh7UlblO%2BUgFhULMi2qlRJqxjaNLRS9GReiXcjg%3D%3D&ssid=fhdh6zaagg0000001678100251718
DELL Inspiron Core i5 11th Gen - (8 GB/512 GB SSD/Windows 11 Home) Inspiron 3511 Thin and Light Laptop,"₹49,990",3.7,"₹62,234",/dell-inspiron-core-i5-11th-gen-8-gb-512-gb-ssd-windows-11-home-3511-thin-light-laptop/p/itmfc00129bfb0c7?pid=COMGF478XMB8URCH&lid=LSTCOMGF478XMB8URCHJHKSDC&marketplace=FLIPKART&store=6bo%2Fb5g&spotlightTagId=TrendingId_6bo%2Fb5g&srno=b_3_65&otracker=browse&iid=e5a534b3-17fa-46cd-a12a-4f325f8a6799.COMGF478XMB8URCH.SEARCH&ssid=fhdh6zaagg0000001678100251718
ASUS ROG Strix G15 Ryzen 7 Octa Core AMD R7-4800H - (8 GB/512 GB SSD/Windows 11 Home/4 GB Graphics/NVI...,"₹87,990",4.5,"₹1,07,990",/asus-rog-strix-g15-ryzen-7-octa-core-amd-r7-4800h-8-gb-512-gb-ssd-windows-11-home-4-graphics-nvidia-geforce-rtx-3050-144-hz-g513ic-hn025w-gaming-laptop/p/itm8e5ef2d250684?pid=COMGAD9VKCWK8CZU&lid=LSTCOMGAD9VKCWK8CZUU4ICFA&marketplace=FLIPKART&store=6bo%2Fb5g&srno=b_3_66&otracker=browse&iid=e5a534b3-17fa-46cd-a12a-4f325f8a6799.COMGAD9VKCWK8CZU.SEARCH&ssid=fhdh6zaagg0000001678100251718
ASUS TUF Gaming A15 with 90Whr Battery Ryzen 7 Octa Core 5800H - (16 GB/512 GB SSD/Windows 11 Home/6 G...,"₹89,990",4.5,"₹1,07,990",/asus-tuf-gaming-a15-90whr-battery-ryzen-7-octa-core-5800h-16-gb-512-gb-ssd-windows-11-home-6-graphics-nvidia-geforce-rtx-3060-fa506qm-hn008w-laptop/p/itmcc4c1c0d500ac?pid=COMGGYY3RQKKKVKS&lid=LSTCOMGGYY3RQKKKVKSNV6PMX&marketplace=FLIPKART&store=6bo%2Fb5g&srno=b_3_67&otracker=browse&iid=e5a534b3-17fa-46cd-a12a-4f325f8a6799.COMGGYY3RQKKKVKS.SEARCH&ssid=fhdh6zaagg0000001678100251718
Lenovo IdeaPad 3 Core i3 11th Gen - (8 GB/512 GB SSD/Windows 11 Home) 82H801L7IN | 82H802FJIN | 82H802...,"₹37,900",4.3,"₹59,390",/lenovo-ideapad-3-core-i3-11th-gen-8-gb-512-gb-ssd-windows-11-home-82h801l7in-82h802fjin-82h802l3in-82h801lhin-thin-light-laptop/p/itm0e009f57a591b?pid=COMG9VHHG6Q3RRJX&lid=LSTCOMG9VHHG6Q3RRJXQHPK6Q&marketplace=FLIPKART&store=6bo%2Fb5g&srno=b_3_68&otracker=browse&iid=en_9fXWY1vVdkvXJ7nUAQdRtCwsusZwgq83F3066fkkwKw0RI2gTT9Pownb7ifvC9Q52y27Gq9BiKXHqC0JcvFn8A%3D%3D&ssid=fhdh6zaagg0000001678100251718
HP 14s Intel Core i5 12th Gen - (16 GB/512 GB SSD/Windows 11 Home) 14s - dy5005TU Thin and Light Lapto...,"₹61,990",4.2,"₹75,190",/hp-14s-intel-core-i5-12th-gen-16-gb-512-gb-ssd-windows-11-home-dy5005tu-thin-light-laptop/p/itm9372d97b214bd?pid=COMGG3S93DSUQPMU&lid=LSTCOMGG3S93DSUQPMUWKX9QS&marketplace=FLIPKART&store=6bo%2Fb5g&srno=b_3_69&otracker=browse&iid=e5a534b3-17fa-46cd-a12a-4f325f8a6799.COMGG3S93DSUQPMU.SEARCH&ssid=fhdh6zaagg0000001678100251718
HP Envy x360 Creator Intel Evo Core i5 12th Gen - (16 GB/512 GB SSD/Windows 11 Home) 15-ew0040TU Thin ...,"₹79,990",,"₹95,630",/hp-envy-x360-creator-intel-evo-core-i5-12th-gen-16-gb-512-gb-ssd-windows-11-home-15-ew0040tu-thin-light-laptop/p/itm23e0bb7d485fc?pid=COMGH47NST7ZHJG5&lid=LSTCOMGH47NST7ZHJG5PUWTZN&marketplace=FLIPKART&store=6bo%2Fb5g&srno=b_3_70&otracker=browse&iid=e5a534b3-17fa-46cd-a12a-4f325f8a6799.COMGH47NST7ZHJG5.SEARCH&ssid=fhdh6zaagg0000001678100251718
HP Pavilion Intel Core i7 12th Gen - (16 GB/1 TB SSD/Windows 11 Home) EG2039TU Thin and Light Laptop,"₹89,990",4.2,"₹1,06,308",/hp-pavilion-intel-core-i7-12th-gen-16-gb-1-tb-ssd-windows-11-home-eg2039tu-thin-light-laptop/p/itm3dd05733f5d96?pid=COMGDTTDMGMYVNBK&lid=LSTCOMGDTTDMGMYVNBKBLFOTU&marketplace=FLIPKART&store=6bo%2Fb5g&srno=b_3_71&otracker=browse&iid=e5a534b3-17fa-46cd-a12a-4f325f8a6799.COMGDTTDMGMYVNBK.SEARCH&ssid=fhdh6zaagg0000001678100251718
Lenovo IdeaPad Gaming Core i5 11th Gen - (8 GB/512 GB SSD/Windows 11 Home/4 GB Graphics/NVIDIA GeForce...,"₹53,990",4.3,"₹76,890",/lenovo-ideapad-gaming-core-i5-11th-gen-8-gb-512-gb-ssd-windows-11-home-4-graphics-nvidia-geforce-gtx-1650-82k101b6in-82k101ftin-laptop/p/itm52edaf472c5df?pid=COMGFM5BFZHDDB4R&lid=LSTCOMGFM5BFZHDDB4RSEPODX&marketplace=FLIPKART&store=6bo%2Fb5g&srno=b_3_72&otracker=browse&iid=en_9fXWY1vVdkvXJ7nUAQdRtCwsusZwgq83F3066fkkwKz4o58E6FnJiu26xO6UM1exurI%2FFIWBAry4lBkgL%2BfV%2BA%3D%3D&ssid=fhdh6zaagg0000001678100251718
HP Pavilion Core i7 12th Gen - (16 GB/1 TB SSD/Windows 11 Home) 14-dv2015TU Thin and Light Laptop,"₹85,000",,"₹1,01,321",/hp-pavilion-core-i7-12th-gen-16-gb-1-tb-ssd-windows-11-home-14-dv2015tu-thin-light-laptop/p/itma371be6132d97?pid=COMGEG3ZZGWA8XE2&lid=LSTCOMGEG3ZZGWA8XE2UWHEP0&marketplace=FLIPKART&store=6bo%2Fb5g&srno=b_4_73&otracker=browse&iid=3b7e28bc-cc95-40a9-956a-ef89f61d3ac8.COMGEG3ZZGWA8XE2.SEARCH&ssid=l0whvvdmao0000001678100254078
ASUS VivoBook K15 OLED Ryzen 7 Octa Core AMD R7-5700U - (16 GB/512 GB SSD/Windows 11 Home) KM513UA-L71...,"₹61,990",4.3,"₹86,990",/asus-vivobook-k15-oled-ryzen-7-octa-core-amd-r7-5700u-16-gb-512-gb-ssd-windows-11-home-km513ua-l713ws-thin-light-laptop/p/itmb3a48eb017e5c?pid=COMGB6DZKZZVUQSW&lid=LSTCOMGB6DZKZZVUQSWWWGAPR&marketplace=FLIPKART&store=6bo%2Fb5g&srno=b_4_74&otracker=browse&iid=3b7e28bc-cc95-40a9-956a-ef89f61d3ac8.COMGB6DZKZZVUQSW.SEARCH&ssid=l0whvvdmao0000001678100254078
ASUS VivoBook K15 OLED (2022) Core i3 11th Gen - (8 GB/256 GB SSD/Windows 11 Home) K513EA-L302WS Thin ...,"₹42,990",4.4,"₹58,990",/asus-vivobook-k15-oled-2022-core-i3-11th-gen-8-gb-256-gb-ssd-windows-11-home-k513ea-l302ws-thin-light-laptop/p/itmb768764e55ddd?pid=COMG87FFTTGFCKBS&lid=LSTCOMG87FFTTGFCKBS21FXQR&marketplace=FLIPKART&store=6bo%2Fb5g&srno=b_4_75&otracker=browse&iid=3b7e28bc-cc95-40a9-956a-ef89f61d3ac8.COMG87FFTTGFCKBS.SEARCH&ssid=l0whvvdmao0000001678100254078
Lenovo IdeaPad Ryzen 5 Hexa Core 5600H - (8 GB/512 GB SSD/Windows 11 Home/4 GB Graphics/NVIDIA GeForce...,"₹52,729",4.4,"₹86,690",/lenovo-ideapad-ryzen-5-hexa-core-5600h-8-gb-512-gb-ssd-windows-11-home-4-graphics-nvidia-geforce-gtx-1650-15ach6-gaming-laptop/p/itm5b976fec95d0c?pid=COMGN2YDYPFNZPMY&lid=LSTCOMGN2YDYPFNZPMYSRVJIE&marketplace=FLIPKART&store=6bo%2Fb5g&srno=b_4_76&otracker=browse&iid=en_ypV4IaBBmy%2BP4xnnTiCecUrrh%2F7t%2FrnEtfqKa0EaacNmCi79e8fpo3TdqhztjmudmwNcgRpn5LKJ6fatQDnxIA%3D%3D&ssid=l0whvvdmao0000001678100254078
Lenovo IdeaPad 3 Ryzen 5 Hexa Core 5500U - (8 GB/512 GB SSD/Windows 11 Home) 15ALC6 Thin and Light Lap...,"₹45,126",4.3,"₹68,490",/lenovo-ideapad-3-ryzen-5-hexa-core-5500u-8-gb-512-gb-ssd-windows-11-home-15alc6-thin-light-laptop/p/itm790def6ef6b6f?pid=COMG9VHHF6HVJPP9&lid=LSTCOMG9VHHF6HVJPP9U213LU&marketplace=FLIPKART&store=6bo%2Fb5g&srno=b_4_77&otracker=browse&iid=3b7e28bc-cc95-40a9-956a-ef89f61d3ac8.COMG9VHHF6HVJPP9.SEARCH&ssid=l0whvvdmao0000001678100254078
HP OMEN Core i7 12th Gen - (16 GB/1 TB SSD/Windows 11 Home/6 GB Graphics/NVIDIA GeForce RTX 3060/144 H...,"₹1,42,790",,"₹1,55,490",/hp-omen-core-i7-12th-gen-16-gb-1-tb-ssd-windows-11-home-6-gb-graphics-nvidia-geforce-rtx-3060-144-hz-16-b1361tx-gaming-laptop/p/itm4de195a76ef55?pid=COMGCGSTJRS6MHHR&lid=LSTCOMGCGSTJRS6MHHR70BXJS&marketplace=FLIPKART&store=6bo%2Fb5g&srno=b_4_78&otracker=browse&iid=3b7e28bc-cc95-40a9-956a-ef89f61d3ac8.COMGCGSTJRS6MHHR.SEARCH&ssid=l0whvvdmao0000001678100254078
Lenovo Ideapad Gaming 3 Ryzen 5 Hexa Core AMD R5-5600H - (8 GB/512 GB SSD/Windows 11 Home/4 GB Graphic...,"₹54,229",4.4,"₹86,690",/lenovo-ideapad-gaming-3-ryzen-5-hexa-core-amd-r5-5600h-8-gb-512-gb-ssd-windows-11-home-4-graphics-nvidia-geforce-gtx-1650-120-hz-15ach6-15ach6d1-gaming3-15ach6d1-laptop/p/itmeb72bf79e6eb4?pid=COMG8ZHDWJXZRHBW&lid=LSTCOMG8ZHDWJXZRHBWOF4RUE&marketplace=FLIPKART&store=6bo%2Fb5g&srno=b_4_79&otracker=browse&iid=3b7e28bc-cc95-40a9-956a-ef89f61d3ac8.COMG8ZHDWJXZRHBW.SEARCH&ssid=l0whvvdmao0000001678100254078
Lenovo V15 G2 Core i3 11th Gen - (8 GB/512 GB SSD/Windows 11 Home) V15 ITL G2 Laptop,"₹40,900",4,"₹59,700",/lenovo-v15-g2-core-i3-11th-gen-8-gb-512-gb-ssd-windows-11-home-itl-laptop/p/itmaf2c39ebc5889?pid=COMGHTE8G8FXQJVN&lid=LSTCOMGHTE8G8FXQJVNJK4BV6&marketplace=FLIPKART&store=6bo%2Fb5g&srno=b_4_80&otracker=browse&iid=en_ypV4IaBBmy%2BP4xnnTiCecUrrh%2F7t%2FrnEtfqKa0EaacNJOHXE65tstx4pfAaPpaIxBrT96CR1I%2FcJL3cOSzGocA%3D%3D&ssid=l0whvvdmao0000001678100254078
ASUS Vivobook 15 OLED (2022) Core i5 12th Gen - (16 GB/512 GB SSD/Windows 11 Home) X1505ZA-L1511WS Thi...,"₹68,990",4.6,"₹85,990",/asus-vivobook-15-oled-2022-core-i5-12th-gen-16-gb-512-gb-ssd-windows-11-home-x1505za-l1511ws-thin-light-laptop/p/itm7987af78c94cc?pid=COMGHPPSYJ6FDVGG&lid=LSTCOMGHPPSYJ6FDVGGP1LBNJ&marketplace=FLIPKART&store=6bo%2Fb5g&srno=b_4_81&otracker=browse&iid=3b7e28bc-cc95-40a9-956a-ef89f61d3ac8.COMGHPPSYJ6FDVGG.SEARCH&ssid=l0whvvdmao0000001678100254078
HP Pavilion Gaming Ryzen 5 Quad Core 3550H - (8 GB/1 TB HDD/Windows 10 Home/4 GB Graphics/NVIDIA GeFor...,"₹54,990",4.2,"₹56,144",/hp-pavilion-gaming-ryzen-5-quad-core-3550h-8-gb-1-tb-hdd-windows-10-home-4-gb-graphics-nvidia-geforce-gtx-1650-15-ec0101ax-laptop/p/itma1af6bf593dc8?pid=COMFSFNVDXG74QXR&lid=LSTCOMFSFNVDXG74QXRQLUWWG&marketplace=FLIPKART&store=6bo%2Fb5g&srno=b_4_82&otracker=browse&iid=3b7e28bc-cc95-40a9-956a-ef89f61d3ac8.COMFSFNVDXG74QXR.SEARCH&ssid=l0whvvdmao0000001678100254078
HP Chromebook x360 Intel Celeron Dual Core - (4 GB/64 GB EMMC Storage/Chrome OS) 14a-ca0506TU Thin and...,"₹24,990",4.1,"₹31,156",/hp-chromebook-x360-intel-celeron-dual-core-4-gb-64-gb-emmc-storage-chrome-os-14a-ca0506tu-thin-light-laptop/p/itmdf57346a9ffeb?pid=COMGBHKFAYHEMVAT&lid=LSTCOMGBHKFAYHEMVATTMWBVX&marketplace=FLIPKART&store=6bo%2Fb5g&srno=b_4_83&otracker=browse&iid=3b7e28bc-cc95-40a9-956a-ef89f61d3ac8.COMGBHKFAYHEMVAT.SEARCH&ssid=l0whvvdmao0000001678100254078
Lenovo IdeaPad Gaming 3 Ryzen 7 Octa Core AMD R7-5800H - (8 GB/512 GB SSD/Windows 11 Home/4 GB Graphic...,"₹72,990",4.5,"₹1,02,090",/lenovo-ideapad-gaming-3-ryzen-7-octa-core-amd-r7-5800h-8-gb-512-gb-ssd-windows-11-home-4-graphics-nvidia-geforce-rtx-3050-gaming3-15ach6d2-laptop/p/itmd92c6762aa792?pid=COMGGMRSDDRGKFGU&lid=LSTCOMGGMRSDDRGKFGUOIO7AQ&marketplace=FLIPKART&store=6bo%2Fb5g&srno=b_4_84&otracker=browse&iid=en_ypV4IaBBmy%2BP4xnnTiCecUrrh%2F7t%2FrnEtfqKa0EaacNUYSHopq0t7H11%2B8KHjXgU7nyMWECZfayYb%2BMZ7ar5%2Fw%3D%3D&ssid=l0whvvdmao0000001678100254078
ASUS TUF Gaming A15 Ryzen 5 Hexa Core AMD R5-4600H - (8 GB/1 TB SSD/Windows 11 Home/4 GB Graphics/NVID...,"₹63,050",4.5,"₹75,990",/asus-tuf-gaming-a15-ryzen-5-hexa-core-amd-r5-4600h-8-gb-1-tb-ssd-windows-11-home-4-gb-graphics-nvidia-geforce-gtx-1650-144-hz-fa506ihrz-hn112w-laptop/p/itm20d472c5059c0?pid=COMGGJZFJRZY45WX&lid=LSTCOMGGJZFJRZY45WX6OA1CA&marketplace=FLIPKART&store=6bo%2Fb5g&srno=b_4_85&otracker=browse&iid=3b7e28bc-cc95-40a9-956a-ef89f61d3ac8.COMGGJZFJRZY45WX.SEARCH&ssid=l0whvvdmao0000001678100254078
ASUS Core i3 12th Gen - (8 GB/512 GB SSD/Windows 11 Home) X1502ZA-EJ312WS Laptop,"₹42,990",3.6,"₹57,990",/asus-core-i3-12th-gen-8-gb-512-gb-ssd-windows-11-home-x1502za-ej312ws-laptop/p/itmfe9bba4042564?pid=COMGGTQVK7XFFTDD&lid=LSTCOMGGTQVK7XFFTDDIOY3YD&marketplace=FLIPKART&store=6bo%2Fb5g&srno=b_4_86&otracker=browse&iid=3b7e28bc-cc95-40a9-956a-ef89f61d3ac8.COMGGTQVK7XFFTDD.SEARCH&ssid=l0whvvdmao0000001678100254078
ASUS VivoBook 14 Core i3 12th Gen - (8 GB/512 GB SSD/Windows 11 Home) X1402ZA-EK311WS Laptop,"₹42,990",4.1,"₹57,990",/asus-vivobook-14-core-i3-12th-gen-8-gb-512-gb-ssd-windows-11-home-x1402za-ek311ws-laptop/p/itmde59adad47719?pid=COMGDGNFY4YUCZTG&lid=LSTCOMGDGNFY4YUCZTGOT9C3F&marketplace=FLIPKART&store=6bo%2Fb5g&srno=b_4_87&otracker=browse&iid=3b7e28bc-cc95-40a9-956a-ef89f61d3ac8.COMGDGNFY4YUCZTG.SEARCH&ssid=l0whvvdmao0000001678100254078
Lenovo Lenovo IdeaPad Gaming 3 Intel Core i5 11th Gen - (16 GB/512 GB SSD/Windows 11 Home/4 GB Graphic...,"₹68,990",4.2,"₹99,290",/lenovo-ideapad-gaming-3-intel-core-i5-11th-gen-16-gb-512-gb-ssd-windows-11-home-4-graphics-nvidia-geforce-rtx-3050-15ihu6-laptop/p/itmd7174b119daa0?pid=COMGKC6YAWGQPZZY&lid=LSTCOMGKC6YAWGQPZZYMMNQJQ&marketplace=FLIPKART&store=6bo%2Fb5g&srno=b_4_88&otracker=browse&iid=en_ypV4IaBBmy%2BP4xnnTiCecUrrh%2F7t%2FrnEtfqKa0EaacOTLDBL71%2BR8amTsqVCoLddXCR1UzU4kIG6AnfMRiJy1w%3D%3D&ssid=l0whvvdmao0000001678100254078
ASUS TUF Dash F15 (2022) Core i5 12th Gen - (8 GB/512 GB SSD/Windows 11 Home/4 GB Graphics/NVIDIA GeFo...,"₹82,990",4.4,"₹1,03,990",/asus-tuf-dash-f15-2022-core-i5-12th-gen-8-gb-512-gb-ssd-windows-11-home-4-graphics-nvidia-geforce-rtx-3050-144-hz-fx517zc-hn035ws-gaming-laptop/p/itme5b388b99b91b?pid=COMGFYQZBR2MS4B9&lid=LSTCOMGFYQZBR2MS4B9OQOW5D&marketplace=FLIPKART&store=6bo%2Fb5g&srno=b_4_89&otracker=browse&iid=3b7e28bc-cc95-40a9-956a-ef89f61d3ac8.COMGFYQZBR2MS4B9.SEARCH&ssid=l0whvvdmao0000001678100254078
DELL Inspiron Ryzen 5 Hexa Core 5625U - (8 GB/512 GB SSD/Windows 11 Home) Inspiron 3525 Thin and Light...,"₹52,490",4.2,"₹69,031",/dell-inspiron-ryzen-5-hexa-core-5625u-8-gb-512-gb-ssd-windows-11-home-3525-thin-light-laptop/p/itmb471e3a89d28e?pid=COMGH8YQNBPF3WWP&lid=LSTCOMGH8YQNBPF3WWP6AUZBW&marketplace=FLIPKART&store=6bo%2Fb5g&srno=b_4_90&otracker=browse&iid=3b7e28bc-cc95-40a9-956a-ef89f61d3ac8.COMGH8YQNBPF3WWP.SEARCH&ssid=l0whvvdmao0000001678100254078
HP Victus Ryzen 7 Octa Core 5800H - (8 GB/512 GB SSD/Windows 11 Home/4 GB Graphics/NVIDIA GeForce GTX ...,"₹69,990",,"₹86,547",/hp-victus-ryzen-7-octa-core-5800h-8-gb-512-gb-ssd-windows-11-home-4-graphics-nvidia-geforce-gtx-1650-144-hz-16-e0650ax-gaming-laptop/p/itm1385bc1cd1a32?pid=COMGF9UFT9ZRD7NC&lid=LSTCOMGF9UFT9ZRD7NCLNH9NY&marketplace=FLIPKART&store=6bo%2Fb5g&srno=b_4_91&otracker=browse&iid=3b7e28bc-cc95-40a9-956a-ef89f61d3ac8.COMGF9UFT9ZRD7NC.SEARCH&ssid=l0whvvdmao0000001678100254078
Lenovo IdeaPad Gaming 3 Ryzen 5 Hexa Core AMD R5-5600H - (8 GB/512 GB SSD/Windows 11 Home/4 GB Graphic...,"₹62,990",4.3,"₹95,790",/lenovo-ideapad-gaming-3-ryzen-5-hexa-core-amd-r5-5600h-8-gb-512-gb-ssd-windows-11-home-4-graphics-nvidia-geforce-rtx-3050-15ach6-laptop/p/itmaef9651a2d565?pid=COMGBNFUWPH6F56F&lid=LSTCOMGBNFUWPH6F56FCWFV9T&marketplace=FLIPKART&store=6bo%2Fb5g&srno=b_4_92&otracker=browse&iid=en_ypV4IaBBmy%2BP4xnnTiCecUrrh%2F7t%2FrnEtfqKa0EaacOIybZP3eoVbWVRRnl9o80cM%2B9DINUXMdC5ZUot7kTExQ%3D%3D&ssid=l0whvvdmao0000001678100254078
ASUS ZenBook Duo 14 (2021) Touch Panel Core i5 11th Gen - (16 GB/512 GB SSD/Windows 11 Home/2 GB Graph...,"₹79,990",4.8,"₹1,40,990",/asus-zenbook-duo-14-2021-touch-panel-core-i5-11th-gen-16-gb-512-gb-ssd-windows-11-home-2-graphics-ux482egr-ka521ws-thin-light-laptop/p/itm19dcdd6a581b3?pid=COMGBF3S8P3KDTFX&lid=LSTCOMGBF3S8P3KDTFXQER7UA&marketplace=FLIPKART&store=6bo%2Fb5g&srno=b_4_93&otracker=browse&iid=3b7e28bc-cc95-40a9-956a-ef89f61d3ac8.COMGBF3S8P3KDTFX.SEARCH&ssid=l0whvvdmao0000001678100254078
MSI Pulse GL66 Core i7 11th Gen - (16 GB/1 TB SSD/Windows 10 Home/8 GB Graphics/NVIDIA GeForce RTX 307...,"₹1,44,100",4.4,"₹1,79,990",/msi-pulse-gl66-core-i7-11th-gen-16-gb-1-tb-ssd-windows-10-home-8-gb-graphics-nvidia-geforce-rtx-3070-11ugk-431in-gaming-laptop/p/itm9eaffcc31a058?pid=COMG6E8PV7JC3SMM&lid=LSTCOMG6E8PV7JC3SMMVHYKEI&marketplace=FLIPKART&store=6bo%2Fb5g&srno=b_4_94&otracker=browse&iid=3b7e28bc-cc95-40a9-956a-ef89f61d3ac8.COMG6E8PV7JC3SMM.SEARCH&ssid=l0whvvdmao0000001678100254078
HP Pavilion Plus Creator OLED (2023) Intel H-Series Core i7 12th Gen - (16 GB/1 TB SSD/Windows 11 Home...,"₹95,990",4.8,"₹1,14,219",/hp-pavilion-plus-creator-oled-2023-intel-h-series-core-i7-12th-gen-16-gb-1-tb-ssd-windows-11-home-14-eh0024tu-thin-light-laptop/p/itm9eace33250ca0?pid=COMGHMH6GYGRH5BU&lid=LSTCOMGHMH6GYGRH5BUHVAV5G&marketplace=FLIPKART&store=6bo%2Fb5g&srno=b_4_95&otracker=browse&iid=3b7e28bc-cc95-40a9-956a-ef89f61d3ac8.COMGHMH6GYGRH5BU.SEARCH&ssid=l0whvvdmao0000001678100254078
lenovo Yoga 7 Core i7 11th Gen Intel EVO - (16 GB/512 GB SSD/Windows 10 Home) 14ITL5 2 in 1 Laptop,"₹1,05,990",4.7,"₹1,39,890",/lenovo-yoga-7-core-i7-11th-gen-intel-evo-16-gb-512-gb-ssd-windows-10-home-14itl5-2-1-laptop/p/itm707ded706da81?pid=COMFXV7SFNVVRZEF&lid=LSTCOMFXV7SFNVVRZEFM0GHCR&marketplace=FLIPKART&store=6bo%2Fb5g&srno=b_4_96&otracker=browse&iid=en_ypV4IaBBmy%2BP4xnnTiCecUrrh%2F7t%2FrnEtfqKa0EaacMFwWj6qpxSpMmy3Yq6DmwTwDH4XxevnoJQIr9nB1tzcA%3D%3D&ssid=l0whvvdmao0000001678100254078
ALIENWARE Core i7 10th Gen - (16 GB/512 GB SSD/Windows 10 Home/6 GB Graphics/NVIDIA GeForce GTX 1660 T...,"₹1,99,990",4.9,"₹2,23,322",/alienware-core-i7-10th-gen-16-gb-512-gb-ssd-windows-10-home-6-graphics-nvidia-geforce-gtx-1660-ti-m15r3-gaming-laptop/p/itme9ee3d237303f?pid=COMFTC4YQF7KE9QU&lid=LSTCOMFTC4YQF7KE9QUVGAMXK&marketplace=FLIPKART&store=6bo%2Fb5g&srno=b_5_97&otracker=browse&iid=6aabc419-2274-4027-a343-a2e0b773f486.COMFTC4YQF7KE9QU.SEARCH&ssid=jgbh7cneww0000001678100256572
SAMSUNG Galaxy Book Go Snapdragon 7c Gen 2 - (4 GB/128 GB EMMC Storage/Windows 11 Home) NP340XLA-KA1IN...,"₹32,990",4.2,"₹47,990",/samsung-galaxy-book-go-snapdragon-7c-gen-2-4-gb-128-gb-emmc-storage-windows-11-home-np340xla-ka1in-thin-light-laptop/p/itm57fdb71eb3d2a?pid=COMGCFN8JMVHPHNZ&lid=LSTCOMGCFN8JMVHPHNZRG2BGK&marketplace=FLIPKART&store=6bo%2Fb5g&srno=b_5_98&otracker=browse&iid=6aabc419-2274-4027-a343-a2e0b773f486.COMGCFN8JMVHPHNZ.SEARCH&ssid=jgbh7cneww0000001678100256572
ASUS VivoBook 14 Core i3 12th Gen - (8 GB/256 GB SSD/Windows 11 Home) X1402ZA-EK391WS Laptop,"₹40,990",4.1,"₹54,990",/asus-vivobook-14-core-i3-12th-gen-8-gb-256-gb-ssd-windows-11-home-x1402za-ek391ws-laptop/p/itmd1f8b02506cf5?pid=COMGDGNFEEZPU4G3&lid=LSTCOMGDGNFEEZPU4G3T4ZSWZ&marketplace=FLIPKART&store=6bo%2Fb5g&srno=b_5_99&otracker=browse&iid=6aabc419-2274-4027-a343-a2e0b773f486.COMGDGNFEEZPU4G3.SEARCH&ssid=jgbh7cneww0000001678100256572
HP Victus Intel Core i5 11th Gen - (16 GB/512 GB SSD/Windows 11 Home/4 GB Graphics/NVIDIA GeForce GTX ...,"₹65,990",4.6,"₹88,056",/hp-victus-intel-core-i5-11th-gen-16-gb-512-gb-ssd-windows-11-home-4-graphics-nvidia-geforce-gtx-1650-16-d0311tx-gaming-laptop/p/itm22c164f45d999?pid=COMGHYYKESUN5ZKQ&lid=LSTCOMGHYYKESUN5ZKQNTQDKG&marketplace=FLIPKART&store=6bo%2Fb5g&srno=b_5_100&otracker=browse&iid=en_7Aa902v49mZRjvOFLLVJaYh%2FrP7Fih2ZuRc%2FKK8nQyqfyC9ZwjUWkjdD0AGjT836VWqwQTijCqeUWUawETN5xw%3D%3D&ssid=jgbh7cneww0000001678100256572
ASUS TUF Gaming A17 (2022) with 90Whr Battery Ryzen 7 Octa Core AMD R7-6800H - (16 GB/512 GB SSD/Windo...,"₹88,990",4.8,"₹1,31,990",/asus-tuf-gaming-a17-2022-90whr-battery-ryzen-7-octa-core-amd-r7-6800h-16-gb-512-gb-ssd-windows-11-home-4-graphics-nvidia-geforce-rtx-3050-fa777rc-hx027ws-laptop/p/itm72adb0e8ecc29?pid=COMGGYY3ZW8QAXZF&lid=LSTCOMGGYY3ZW8QAXZFUMHRUS&marketplace=FLIPKART&store=6bo%2Fb5g&srno=b_5_101&otracker=browse&iid=6aabc419-2274-4027-a343-a2e0b773f486.COMGGYY3ZW8QAXZF.SEARCH&ssid=jgbh7cneww0000001678100256572
ASUS Vivobook S14 OLED (2022) Intel EVO Core i5 12th Gen - (16 GB/512 GB SSD/Windows 11 Home) S3402ZA-...,"₹74,990",4.5,"₹92,990",/asus-vivobook-s14-oled-2022-intel-evo-core-i5-12th-gen-16-gb-512-gb-ssd-windows-11-home-s3402za-km502ws-thin-light-laptop/p/itmf9337acb97e70?pid=COMGCG2GXGJGEYUW&lid=LSTCOMGCG2GXGJGEYUWI64YYF&marketplace=FLIPKART&store=6bo%2Fb5g&srno=b_5_102&otracker=browse&iid=6aabc419-2274-4027-a343-a2e0b773f486.COMGCG2GXGJGEYUW.SEARCH&ssid=jgbh7cneww0000001678100256572
acer Extensa Core i3 11th Gen - (8 GB/256 GB SSD/Windows 11 Home) EX 215-54 Thin and Light Laptop,"₹32,990",4.4,"₹43,999",/acer-extensa-core-i3-11th-gen-8-gb-256-gb-ssd-windows-11-home-ex-215-54-thin-light-laptop/p/itm078143c1933b1?pid=COMGGYEBHVBR8EVN&lid=LSTCOMGGYEBHVBR8EVNRJAVBG&marketplace=FLIPKART&store=6bo%2Fb5g&srno=b_5_103&otracker=browse&iid=6aabc419-2274-4027-a343-a2e0b773f486.COMGGYEBHVBR8EVN.SEARCH&ssid=jgbh7cneww0000001678100256572
RedmiBook Pro Core i5 11th Gen - (8 GB/512 GB SSD/Windows 11 Home) Thin and Light Laptop,"₹39,990",4.1,"₹59,999",/redmibook-pro-core-i5-11th-gen-8-gb-512-gb-ssd-windows-11-home-thin-light-laptop/p/itm436427e982703?pid=COMG4Z359A4Z3MFG&lid=LSTCOMG4Z359A4Z3MFGOJQLGB&marketplace=FLIPKART&store=6bo%2Fb5g&srno=b_5_104&otracker=browse&iid=en_7Aa902v49mZRjvOFLLVJaYh%2FrP7Fih2ZuRc%2FKK8nQyoYYu5SGWLinBeHm5Qhd%2Bq0Tj1Hc3YfkkZizBLEZSepeg%3D%3D&ssid=jgbh7cneww0000001678100256572
acer Gaming Ryzen 7 Octa Core 6800H - (16 GB/1 TB SSD/Windows 11 Home/6 GB Graphics/NVIDIA GeForce RTX...,"₹1,04,990",,"₹1,59,999",/acer-gaming-ryzen-7-octa-core-6800h-16-gb-1-tb-ssd-windows-11-home-6-gb-graphics-nvidia-geforce-rtx-3060-an515-46-laptop/p/itm3053b770cf7e6?pid=COMGH3DA5FPNFENC&lid=LSTCOMGH3DA5FPNFENCR4TBAX&marketplace=FLIPKART&store=6bo%2Fb5g&srno=b_5_105&otracker=browse&iid=6aabc419-2274-4027-a343-a2e0b773f486.COMGH3DA5FPNFENC.SEARCH&ssid=jgbh7cneww0000001678100256572
ASUS TUF Dash F15 Core i7 12th Gen - (16 GB/1 TB SSD/Windows 11 Home/4 GB Graphics/NVIDIA GeForce RTX ...,"₹1,01,990",4.4,"₹1,28,990",/asus-tuf-dash-f15-core-i7-12th-gen-16-gb-1-tb-ssd-windows-11-home-4-gb-graphics-nvidia-geforce-rtx-3050-144-hz-fx517zc-hn108ws-gaming-laptop/p/itm702570f8af94a?pid=COMGFWCYUH7DC4HB&lid=LSTCOMGFWCYUH7DC4HBE7BXRF&marketplace=FLIPKART&store=6bo%2Fb5g&srno=b_5_106&otracker=browse&iid=6aabc419-2274-4027-a343-a2e0b773f486.COMGFWCYUH7DC4HB.SEARCH&ssid=jgbh7cneww0000001678100256572
ASUS ROG Strix G15 Ryzen 7 Octa Core AMD R7-4800H - (16 GB/1 TB SSD/Windows 11 Home/4 GB Graphics/NVID...,"₹90,990",4.5,"₹1,15,990",/asus-rog-strix-g15-ryzen-7-octa-core-amd-r7-4800h-16-gb-1-tb-ssd-windows-11-home-4-gb-graphics-nvidia-geforce-rtx-3050-ti-144-hz-g513ie-hn040ws-gaming-laptop/p/itm13c7975bead0a?pid=COMGE73KYN76YZC7&lid=LSTCOMGE73KYN76YZC71JHKIS&marketplace=FLIPKART&store=6bo%2Fb5g&srno=b_5_107&otracker=browse&iid=6aabc419-2274-4027-a343-a2e0b773f486.COMGE73KYN76YZC7.SEARCH&ssid=jgbh7cneww0000001678100256572
HP Victus Intel Core i7 12th Gen - (8 GB/512 GB SSD/Windows 11 Home/4 GB Graphics/NVIDIA GeForce RTX 3...,"₹90,990",4.4,"₹1,01,278",/hp-victus-intel-core-i7-12th-gen-8-gb-512-gb-ssd-windows-11-home-4-graphics-nvidia-geforce-rtx-3050-144-hz-15-fa0073tx-gaming-laptop/p/itm9010e2ab6b562?pid=COMGGKKZX7FC7GHU&lid=LSTCOMGGKKZX7FC7GHUX9YXDZ&marketplace=FLIPKART&store=6bo%2Fb5g&srno=b_5_108&otracker=browse&iid=en_7Aa902v49mZRjvOFLLVJaYh%2FrP7Fih2ZuRc%2FKK8nQyqMAafo%2Fj0AstSsHGkG8ipV%2F9%2FS4A4kr%2FhpC1E5DyWeuw%3D%3D&ssid=jgbh7cneww0000001678100256572
Infinix INBook X2 Plus Core i7 11th Gen - (16 GB/512 GB SSD/Windows 11 Home) XL25 Thin and Light Lapto...,"₹51,990",4.4,"₹79,990",/infinix-inbook-x2-plus-core-i7-11th-gen-16-gb-512-gb-ssd-windows-11-home-xl25-thin-light-laptop/p/itme96c690aad432?pid=COMGGQE93WGJJF5R&lid=LSTCOMGGQE93WGJJF5RAIAMDD&marketplace=FLIPKART&store=6bo%2Fb5g&spotlightTagId=TrendingId_6bo%2Fb5g&srno=b_5_109&otracker=browse&iid=6aabc419-2274-4027-a343-a2e0b773f486.COMGGQE93WGJJF5R.SEARCH&ssid=jgbh7cneww0000001678100256572
Lenovo Intel Celeron Dual Core - (8 GB/256 GB SSD/Windows 11 Home) 81WQ00MQIN|81WQ00NXIN Laptop,"₹25,490",4.1,"₹44,690",/lenovo-intel-celeron-dual-core-8-gb-256-gb-ssd-windows-11-home-81wq00mqin-81wq00nxin-laptop/p/itm2560cd9192f02?pid=COMGDMXVJJB2HGMY&lid=LSTCOMGDMXVJJB2HGMYLAIFLM&marketplace=FLIPKART&store=6bo%2Fb5g&srno=b_5_110&otracker=browse&iid=6aabc419-2274-4027-a343-a2e0b773f486.COMGDMXVJJB2HGMY.SEARCH&ssid=jgbh7cneww0000001678100256572
ASUS EeeBook 14 with NumberPad Pentium Silver - (8 GB/256 GB SSD/Windows 11 Home) E410KA-BV103WS Thin ...,"₹27,990",4.1,"₹40,990",/asus-eeebook-14-numberpad-pentium-silver-8-gb-256-gb-ssd-windows-11-home-e410ka-bv103ws-thin-light-laptop/p/itmd033233d8bf9d?pid=COMGB6DZZZH3JW2H&lid=LSTCOMGB6DZZZH3JW2H4UTGF7&marketplace=FLIPKART&store=6bo%2Fb5g&srno=b_5_111&otracker=browse&iid=6aabc419-2274-4027-a343-a2e0b773f486.COMGB6DZZZH3JW2H.SEARCH&ssid=jgbh7cneww0000001678100256572
Lenovo IdeaPad 3 Core i3 11th Gen - (8 GB/256 GB SSD/Windows 11 Home) 14ITL05 Thin and Light Laptop,"₹33,990",4.2,"₹60,890",/lenovo-ideapad-3-core-i3-11th-gen-8-gb-256-gb-ssd-windows-11-home-14itl05-thin-light-laptop/p/itme5d4463121c64?pid=COMG9VKERHP4FACH&lid=LSTCOMG9VKERHP4FACHOL4YVH&marketplace=FLIPKART&store=6bo%2Fb5g&srno=b_5_112&otracker=browse&iid=en_7Aa902v49mZRjvOFLLVJaYh%2FrP7Fih2ZuRc%2FKK8nQyocjB251OejUxx4bIVFFDnE2qlRJqxjaNLRS9GReiXcjg%3D%3D&ssid=jgbh7cneww0000001678100256572
MSI Crosshair 15 Core i7 12th Gen - (16 GB/512 GB SSD/Windows 11 Home/6 GB Graphics/NVIDIA GeForce RTX...,"₹1,04,990",4.6,"₹1,34,990",/msi-crosshair-15-core-i7-12th-gen-16-gb-512-gb-ssd-windows-11-home-6-graphics-nvidia-geforce-rtx-3060-144-hz-b12uez-897in-gaming-laptop/p/itmd196e45647125?pid=COMGGZ23YABHSNDH&lid=LSTCOMGGZ23YABHSNDHKUD5XA&marketplace=FLIPKART&store=6bo%2Fb5g&srno=b_5_113&otracker=browse&iid=6aabc419-2274-4027-a343-a2e0b773f486.COMGGZ23YABHSNDH.SEARCH&ssid=jgbh7cneww0000001678100256572
ASUS Vivobook 14 (2022) Core i3 12th Gen - (8 GB/512 GB SSD/Windows 11 Home) X1402ZA-MW312WS Thin and ...,"₹46,990",4.3,"₹62,990",/asus-vivobook-14-2022-core-i3-12th-gen-8-gb-512-gb-ssd-windows-11-home-x1402za-mw312ws-thin-light-laptop/p/itme1ee0d5379b20?pid=COMGHF6JJ2DGQX6Z&lid=LSTCOMGHF6JJ2DGQX6ZURKAOH&marketplace=FLIPKART&store=6bo%2Fb5g&srno=b_5_114&otracker=browse&iid=6aabc419-2274-4027-a343-a2e0b773f486.COMGHF6JJ2DGQX6Z.SEARCH&ssid=jgbh7cneww0000001678100256572
ASUS VivoBook K15 OLED (2022) Core i5 11th Gen - (16 GB/1 TB HDD/256 GB SSD/Windows 11 Home) K513EA-L5...,"₹64,990",4.3,"₹85,990",/asus-vivobook-k15-oled-2022-core-i5-11th-gen-16-gb-1-tb-hdd-256-gb-ssd-windows-11-home-k513ea-l523ws-thin-light-laptop/p/itm391804c2ca1cd?pid=COMG87FFZGV9ZSZM&lid=LSTCOMG87FFZGV9ZSZM7V8Z9R&marketplace=FLIPKART&store=6bo%2Fb5g&srno=b_5_115&otracker=browse&iid=6aabc419-2274-4027-a343-a2e0b773f486.COMG87FFZGV9ZSZM.SEARCH&ssid=jgbh7cneww0000001678100256572
Lenovo IdeaPad 3 Core i3 11th Gen - (8 GB/512 GB SSD/Windows 11 Home) 82H801L7IN | 82H802FJIN | 82H802...,"₹37,900",4.3,"₹59,390",/lenovo-ideapad-3-core-i3-11th-gen-8-gb-512-gb-ssd-windows-11-home-82h801l7in-82h802fjin-82h802l3in-82h801lhin-thin-light-laptop/p/itm0e009f57a591b?pid=COMG9VHHG6Q3RRJX&lid=LSTCOMG9VHHG6Q3RRJXQHPK6Q&marketplace=FLIPKART&store=6bo%2Fb5g&srno=b_5_116&otracker=browse&iid=en_7Aa902v49mZRjvOFLLVJaYh%2FrP7Fih2ZuRc%2FKK8nQyonXYFteCqAR%2Bn8E5Ekb2S72y27Gq9BiKXHqC0JcvFn8A%3D%3D&ssid=jgbh7cneww0000001678100256572
APPLE MacBook Air M1 - (16 GB/512 GB SSD/Mac OS Big Sur) Z124J002KD,"₹1,29,990",4.7,"₹1,32,900",/apple-macbook-air-m1-16-gb-512-gb-ssd-mac-os-big-sur-z124j002kd/p/itm7f6b2617bd5c0?pid=COMG9UD4GWJFXGEH&lid=LSTCOMG9UD4GWJFXGEHWFHDNX&marketplace=FLIPKART&store=6bo%2Fb5g&srno=b_5_117&otracker=browse&iid=6aabc419-2274-4027-a343-a2e0b773f486.COMG9UD4GWJFXGEH.SEARCH&ssid=jgbh7cneww0000001678100256572
DELL G15 Ryzen 5 Hexa Core 5600H - (16 GB/512 GB SSD/Windows 10/4 GB Graphics/NVIDIA GeForce RTX 3050)...,"₹75,900",4.5,"₹1,08,000",/dell-g15-ryzen-5-hexa-core-5600h-16-gb-512-gb-ssd-windows-10-4-graphics-nvidia-geforce-rtx-3050-g15-5515-gaming-laptop/p/itmdaa9e0d35da76?pid=COMG666GPTSHNZ47&lid=LSTCOMG666GPTSHNZ47HRW5HG&marketplace=FLIPKART&store=6bo%2Fb5g&srno=b_5_118&otracker=browse&iid=6aabc419-2274-4027-a343-a2e0b773f486.COMG666GPTSHNZ47.SEARCH&ssid=jgbh7cneww0000001678100256572
ASUS Vivobook K15 OLED Ryzen 5 Hexa Core AMD R5-5500U - (16 GB/512 GB SSD/Windows 11 Home) KM513UA-L51...,"₹56,990",4.4,"₹80,990",/asus-vivobook-k15-oled-ryzen-5-hexa-core-amd-r5-5500u-16-gb-512-gb-ssd-windows-11-home-km513ua-l512ws-thin-light-laptop/p/itma40e1d9d1a424?pid=COMGHF6JY8NYFVHC&lid=LSTCOMGHF6JY8NYFVHCTT2RHW&marketplace=FLIPKART&store=6bo%2Fb5g&srno=b_5_119&otracker=browse&iid=6aabc419-2274-4027-a343-a2e0b773f486.COMGHF6JY8NYFVHC.SEARCH&ssid=jgbh7cneww0000001678100256572
Lenovo IdeaPad Gaming Core i5 11th Gen - (8 GB/512 GB SSD/Windows 11 Home/4 GB Graphics/NVIDIA GeForce...,"₹53,990",4.3,"₹76,890",/lenovo-ideapad-gaming-core-i5-11th-gen-8-gb-512-gb-ssd-windows-11-home-4-graphics-nvidia-geforce-gtx-1650-82k101b6in-82k101ftin-laptop/p/itm52edaf472c5df?pid=COMGFM5BFZHDDB4R&lid=LSTCOMGFM5BFZHDDB4RSEPODX&marketplace=FLIPKART&store=6bo%2Fb5g&srno=b_5_120&otracker=browse&iid=en_7Aa902v49mZRjvOFLLVJaYh%2FrP7Fih2ZuRc%2FKK8nQyosVhb%2BLVjxDmLXf7SJeQ7gurI%2FFIWBAry4lBkgL%2BfV%2BA%3D%3D&ssid=jgbh7cneww0000001678100256572
Lenovo IdeaPad 3 Core i5 11th Gen - (8 GB/512 GB SSD/Windows 11 Home) 15ITL6 Thin and Light Laptop,"₹52,990",4.2,"₹71,990",/lenovo-ideapad-3-core-i5-11th-gen-8-gb-512-gb-ssd-windows-11-home-15itl6-thin-light-laptop/p/itmfd5941701b3c5?pid=COMGGR9SBTFZCNDU&lid=LSTCOMGGR9SBTFZCNDU84OXGZ&marketplace=FLIPKART&store=6bo%2Fb5g&srno=b_6_121&otracker=browse&iid=2e20e445-76e9-4efb-806c-dacabe55c496.COMGGR9SBTFZCNDU.SEARCH&ssid=7lp5dx1e400000001678100258903
Lenovo Intel Core i3 10th Gen - (8 GB/256 GB SSD/Windows 11 Home) 81WA00Q3IN|81WA00MEIN Thin and Light...,"₹33,990",4.3,"₹50,290",/lenovo-intel-core-i3-10th-gen-8-gb-256-gb-ssd-windows-11-home-81wa00q3in-81wa00mein-thin-light-laptop/p/itm61227ecaffd8c?pid=COMG72M9TNRKQWQN&lid=LSTCOMG72M9TNRKQWQNFDLVMA&marketplace=FLIPKART&store=6bo%2Fb5g&srno=b_6_122&otracker=browse&iid=2e20e445-76e9-4efb-806c-dacabe55c496.COMG72M9TNRKQWQN.SEARCH&ssid=7lp5dx1e400000001678100258903
ASUS VivoBook K15 OLED (2022) Core i3 11th Gen - (8 GB/512 GB SSD/Windows 11 Home) K513EA-L312WS Thin ...,"₹45,990",4.5,"₹62,990",/asus-vivobook-k15-oled-2022-core-i3-11th-gen-8-gb-512-gb-ssd-windows-11-home-k513ea-l312ws-thin-light-laptop/p/itm43432ba02fc87?pid=COMG87FFHXJHKNE8&lid=LSTCOMG87FFHXJHKNE823JHOH&marketplace=FLIPKART&store=6bo%2Fb5g&srno=b_6_123&otracker=browse&iid=2e20e445-76e9-4efb-806c-dacabe55c496.COMG87FFHXJHKNE8.SEARCH&ssid=7lp5dx1e400000001678100258903
HP Victus Intel Core i5 11th Gen - (16 GB/512 GB SSD/Windows 11 Home/4 GB Graphics/NVIDIA GeForce GTX ...,"₹65,990",4.6,"₹88,056",/hp-victus-intel-core-i5-11th-gen-16-gb-512-gb-ssd-windows-11-home-4-graphics-nvidia-geforce-gtx-1650-16-d0311tx-gaming-laptop/p/itm22c164f45d999?pid=COMGHYYKESUN5ZKQ&lid=LSTCOMGHYYKESUN5ZKQNTQDKG&marketplace=FLIPKART&store=6bo%2Fb5g&srno=b_6_124&otracker=browse&iid=en_Ua45oUea9j6eB0wDx2DLPAw0b%2BgqSgY%2FMuU8f6AZ15DhtPohc%2FlW8QC7Z4L%2F62tBVWqwQTijCqeUWUawETN5xw%3D%3D&ssid=7lp5dx1e400000001678100258903
ASUS ROG Flow X16 (2022) with 90Whr Battery Ryzen 7 Octa Core 6800HS - (16 GB/1 TB SSD/Windows 11 Home...,"₹1,51,990",,"₹2,06,990",/asus-rog-flow-x16-2022-90whr-battery-ryzen-7-octa-core-6800hs-16-gb-1-tb-ssd-windows-11-home-4-gb-graphics-nvidia-geforce-rtx-3050-ti-gv601re-m6012ws-2-1-gaming-laptop/p/itmd7f551a2c9c13?pid=COMGFWCYWQ2KEQYW&lid=LSTCOMGFWCYWQ2KEQYW70J2DC&marketplace=FLIPKART&store=6bo%2Fb5g&srno=b_6_125&otracker=browse&iid=2e20e445-76e9-4efb-806c-dacabe55c496.COMGFWCYWQ2KEQYW.SEARCH&ssid=7lp5dx1e400000001678100258903
MSI Core i7 12th Gen - (16 GB/1 TB SSD/Windows 11 Home/8 GB Graphics/NVIDIA GeForce RTX 3070/165 Hz) C...,"₹1,34,990",4,"₹1,54,391",/msi-core-i7-12th-gen-16-gb-1-tb-ssd-windows-11-home-8-gb-graphics-nvidia-geforce-rtx-3070-165-hz-crosshair-15-b12ugz-1012in-gaming-laptop/p/itm6bcaf731b1221?pid=COMGGZ23WXYZFMTC&lid=LSTCOMGGZ23WXYZFMTCJRKLIO&marketplace=FLIPKART&store=6bo%2Fb5g&srno=b_6_126&otracker=browse&iid=2e20e445-76e9-4efb-806c-dacabe55c496.COMGGZ23WXYZFMTC.SEARCH&ssid=7lp5dx1e400000001678100258903
DELL Inspiron Core i5 11th Gen - (8 GB/512 GB SSD/Windows 11 Home/2 GB Graphics) Inspiron 3511 Thin an...,"₹60,290",4.3,"₹83,035",/dell-inspiron-core-i5-11th-gen-8-gb-512-gb-ssd-windows-11-home-2-graphics-3511-thin-light-laptop/p/itm5369c4aa85fa0?pid=COMG9NYDSF4N74DN&lid=LSTCOMG9NYDSF4N74DNEUADFA&marketplace=FLIPKART&store=6bo%2Fb5g&srno=b_6_127&otracker=browse&iid=2e20e445-76e9-4efb-806c-dacabe55c496.COMG9NYDSF4N74DN.SEARCH&ssid=7lp5dx1e400000001678100258903
RedmiBook Pro Core i5 11th Gen - (8 GB/512 GB SSD/Windows 11 Home) Thin and Light Laptop,"₹39,990",4.1,"₹59,999",/redmibook-pro-core-i5-11th-gen-8-gb-512-gb-ssd-windows-11-home-thin-light-laptop/p/itm436427e982703?pid=COMG4Z359A4Z3MFG&lid=LSTCOMG4Z359A4Z3MFGOJQLGB&marketplace=FLIPKART&store=6bo%2Fb5g&srno=b_6_128&otracker=browse&iid=en_Ua45oUea9j6eB0wDx2DLPAw0b%2BgqSgY%2FMuU8f6AZ15BB1hL86ASYje2AKr260Ti9Tj1Hc3YfkkZizBLEZSepeg%3D%3D&ssid=7lp5dx1e400000001678100258903
ASUS VivoBook Flip 14 Core i3 11th Gen - (8 GB/512 GB SSD/Windows 11 Home) TP470EA-EC311WS 2 in 1 Lapt...,"₹49,990",4.1,"₹67,990",/asus-vivobook-flip-14-core-i3-11th-gen-8-gb-512-gb-ssd-windows-11-home-tp470ea-ec311ws-2-1-laptop/p/itm3f58141dd908b?pid=COMGARNU6AZYVZUZ&lid=LSTCOMGARNU6AZYVZUZEGCBMF&marketplace=FLIPKART&store=6bo%2Fb5g&srno=b_6_129&otracker=browse&iid=2e20e445-76e9-4efb-806c-dacabe55c496.COMGARNU6AZYVZUZ.SEARCH&ssid=7lp5dx1e400000001678100258903
DELL Inspiron Core i5 12th Gen - (8 GB/512 GB SSD/Windows 11 Home) New Inspiron 15 Metal Laptop Thin a...,"₹61,690",,"₹81,487",/dell-inspiron-core-i5-12th-gen-8-gb-512-gb-ssd-windows-11-home-new-15-metal-laptop-thin-light/p/itm315239a748647?pid=COMGJ75HKASCXKBH&lid=LSTCOMGJ75HKASCXKBHG7F69R&marketplace=FLIPKART&store=6bo%2Fb5g&srno=b_6_130&otracker=browse&iid=2e20e445-76e9-4efb-806c-dacabe55c496.COMGJ75HKASCXKBH.SEARCH&ssid=7lp5dx1e400000001678100258903
ASUS Vivobook 14 Core i5 10th Gen - (16 GB/512 GB SSD/Windows 11 Home) X415JA-EB531WS Notebook,"₹48,990",3.7,"₹73,990",/asus-vivobook-14-core-i5-10th-gen-16-gb-512-gb-ssd-windows-11-home-x415ja-eb531ws-notebook/p/itmff52b70c423a7?pid=COMGG763SPGK3NTB&lid=LSTCOMGG763SPGK3NTBNINUE9&marketplace=FLIPKART&store=6bo%2Fb5g&srno=b_6_131&otracker=browse&iid=2e20e445-76e9-4efb-806c-dacabe55c496.COMGG763SPGK3NTB.SEARCH&ssid=7lp5dx1e400000001678100258903
HP Victus Intel Core i7 12th Gen - (8 GB/512 GB SSD/Windows 11 Home/4 GB Graphics/NVIDIA GeForce RTX 3...,"₹90,990",4.4,"₹1,01,278",/hp-victus-intel-core-i7-12th-gen-8-gb-512-gb-ssd-windows-11-home-4-graphics-nvidia-geforce-rtx-3050-144-hz-15-fa0073tx-gaming-laptop/p/itm9010e2ab6b562?pid=COMGGKKZX7FC7GHU&lid=LSTCOMGGKKZX7FC7GHUX9YXDZ&marketplace=FLIPKART&store=6bo%2Fb5g&srno=b_6_132&otracker=browse&iid=en_Ua45oUea9j6eB0wDx2DLPAw0b%2BgqSgY%2FMuU8f6AZ15DSBWo1%2Fdw3csTaSSD2KeUG%2F9%2FS4A4kr%2FhpC1E5DyWeuw%3D%3D&ssid=7lp5dx1e400000001678100258903
MSI Core i9 12th Gen - (32 GB/2 TB SSD/Windows 11 Home/16 GB Graphics/NVIDIA GeForce RTX 3080 Ti/120 H...,"₹2,99,990",,"₹4,81,990",/msi-core-i9-12th-gen-32-gb-2-tb-ssd-windows-11-home-16-gb-graphics-nvidia-geforce-rtx-3080-ti-120-hz-raider-ge77hx-12uhs-205in-gaming-laptop/p/itm9e5ce41e06c01?pid=COMGGZ23UYB7ZZUU&lid=LSTCOMGGZ23UYB7ZZUU0IYJO2&marketplace=FLIPKART&store=6bo%2Fb5g&srno=b_6_133&otracker=browse&iid=2e20e445-76e9-4efb-806c-dacabe55c496.COMGGZ23UYB7ZZUU.SEARCH&ssid=7lp5dx1e400000001678100258903
ASUS Vivobook S14 OLED (2022) Intel EVO Core i5 12th Gen - (16 GB/512 GB SSD/Windows 11 Home) S3402ZA-...,"₹74,990",4.5,"₹92,990",/asus-vivobook-s14-oled-2022-intel-evo-core-i5-12th-gen-16-gb-512-gb-ssd-windows-11-home-s3402za-km501ws-thin-light-laptop/p/itmb9d5c1df6f0c4?pid=COMGCG2GXUAAMYJF&lid=LSTCOMGCG2GXUAAMYJFOJKKYY&marketplace=FLIPKART&store=6bo%2Fb5g&srno=b_6_134&otracker=browse&iid=2e20e445-76e9-4efb-806c-dacabe55c496.COMGCG2GXUAAMYJF.SEARCH&ssid=7lp5dx1e400000001678100258903
Infinix INBook Y1 Plus Intel Core i3 10th Gen - (8 GB/512 GB SSD/Windows 11 Home) XL28 Thin and Light ...,"₹32,990",4.3,"₹49,990",/infinix-inbook-y1-plus-intel-core-i3-10th-gen-8-gb-512-gb-ssd-windows-11-home-xl28-thin-light-laptop/p/itm0c1e0ee715f20?pid=COMGMM3HVVKFTAXZ&lid=LSTCOMGMM3HVVKFTAXZN0HE87&marketplace=FLIPKART&store=6bo%2Fb5g&srno=b_6_135&otracker=browse&iid=2e20e445-76e9-4efb-806c-dacabe55c496.COMGMM3HVVKFTAXZ.SEARCH&ssid=7lp5dx1e400000001678100258903
Lenovo IdeaPad 3 Core i3 11th Gen - (8 GB/256 GB SSD/Windows 11 Home) 14ITL05 Thin and Light Laptop,"₹33,990",4.2,"₹60,890",/lenovo-ideapad-3-core-i3-11th-gen-8-gb-256-gb-ssd-windows-11-home-14itl05-thin-light-laptop/p/itme5d4463121c64?pid=COMG9VKERHP4FACH&lid=LSTCOMG9VKERHP4FACHOL4YVH&marketplace=FLIPKART&store=6bo%2Fb5g&srno=b_6_136&otracker=browse&iid=en_Ua45oUea9j6eB0wDx2DLPAw0b%2BgqSgY%2FMuU8f6AZ15BtKFYEbAuBItyqpnQ9jTk72qlRJqxjaNLRS9GReiXcjg%3D%3D&ssid=7lp5dx1e400000001678100258903
ASUS Vivobook Pro 15 OLED Core i5 12th Gen - (16 GB/512 GB SSD/Windows 11 Home/4 GB Graphics/NVIDIA Ge...,"₹89,990",4.4,"₹1,10,990",/asus-vivobook-pro-15-oled-core-i5-12th-gen-16-gb-512-gb-ssd-windows-11-home-4-graphics-nvidia-geforce-rtx-3050-k6500zc-l502ws-creator-laptop/p/itm9c1934f4ea84c?pid=COMGG3S9JRVFZPMY&lid=LSTCOMGG3S9JRVFZPMY15V1Z2&marketplace=FLIPKART&store=6bo%2Fb5g&srno=b_6_137&otracker=browse&iid=2e20e445-76e9-4efb-806c-dacabe55c496.COMGG3S9JRVFZPMY.SEARCH&ssid=7lp5dx1e400000001678100258903
DELL Core i5 12th Gen - (16 GB/512 GB SSD/Windows 11 Home) Inspiron 5320 Thin and Light Laptop,"₹78,190",4.5,"₹99,861",/dell-core-i5-12th-gen-16-gb-512-gb-ssd-windows-11-home-inspiron-5320-thin-light-laptop/p/itm98ea325ac2499?pid=COMGFPGXDA6KTNXY&lid=LSTCOMGFPGXDA6KTNXY9OGB6Q&marketplace=FLIPKART&store=6bo%2Fb5g&srno=b_6_138&otracker=browse&iid=2e20e445-76e9-4efb-806c-dacabe55c496.COMGFPGXDA6KTNXY.SEARCH&ssid=7lp5dx1e400000001678100258903
HP Pavilion Intel Core i3 11th Gen - (8 GB/512 GB SSD/Windows 11 Home) 14-dy0207TU Thin and Light Lapt...,"₹54,480",4.3,"₹63,362",/hp-pavilion-intel-core-i3-11th-gen-8-gb-512-gb-ssd-windows-11-home-14-dy0207tu-thin-light-laptop/p/itm787c743bd98ef?pid=COMGCNDPVSPNGDYQ&lid=LSTCOMGCNDPVSPNGDYQRTBGCB&marketplace=FLIPKART&store=6bo%2Fb5g&srno=b_6_139&otracker=browse&iid=2e20e445-76e9-4efb-806c-dacabe55c496.COMGCNDPVSPNGDYQ.SEARCH&ssid=7lp5dx1e400000001678100258903
Lenovo IdeaPad 3 Core i3 11th Gen - (8 GB/512 GB SSD/Windows 11 Home) 82H801L7IN | 82H802FJIN | 82H802...,"₹37,900",4.3,"₹59,390",/lenovo-ideapad-3-core-i3-11th-gen-8-gb-512-gb-ssd-windows-11-home-82h801l7in-82h802fjin-82h802l3in-82h801lhin-thin-light-laptop/p/itm0e009f57a591b?pid=COMG9VHHG6Q3RRJX&lid=LSTCOMG9VHHG6Q3RRJXQHPK6Q&marketplace=FLIPKART&store=6bo%2Fb5g&srno=b_6_140&otracker=browse&iid=en_Ua45oUea9j6eB0wDx2DLPAw0b%2BgqSgY%2FMuU8f6AZ15AZGg6C%2B2gWc2e4x7T1A6dw2y27Gq9BiKXHqC0JcvFn8A%3D%3D&ssid=7lp5dx1e400000001678100258903
MSI Delta 15 AMD Advantage Edition Ryzen 9 Octa Core 5900HX 5th Gen - (16 GB/1 TB SSD/Windows 11 Home/...,"₹1,29,990",4.8,"₹1,88,990",/msi-delta-15-amd-advantage-ryzen-9-octa-core-5900hx-5th-gen-16-gb-1-tb-ssd-windows-11-home-10-gb-graphics-amd-radeon-rx-6700m-144-hz-a5efk-083in-gaming-laptop/p/itm9d6cfb55b316a?pid=COMG9VKEHSAGGWBY&lid=LSTCOMG9VKEHSAGGWBY289PRX&marketplace=FLIPKART&store=6bo%2Fb5g&srno=b_6_141&otracker=browse&iid=2e20e445-76e9-4efb-806c-dacabe55c496.COMG9VKEHSAGGWBY.SEARCH&ssid=7lp5dx1e400000001678100258903
Lenovo Lenovo IdeaPad Slim 3 Intel Core i3 11th Gen - (8 GB/512 GB SSD/Windows 11 Home) 14ITL6 Thin an...,"₹40,990",4,"₹61,390",/lenovo-ideapad-slim-3-intel-core-i3-11th-gen-8-gb-512-gb-ssd-windows-11-home-14itl6-thin-light-laptop/p/itm16e2c83bcc665?pid=COMGHMH6GVJ79VCH&lid=LSTCOMGHMH6GVJ79VCHBBOVIV&marketplace=FLIPKART&store=6bo%2Fb5g&srno=b_6_142&otracker=browse&iid=2e20e445-76e9-4efb-806c-dacabe55c496.COMGHMH6GVJ79VCH.SEARCH&ssid=7lp5dx1e400000001678100258903
ASUS Chromebook Celeron Dual Core - (4 GB/64 GB EMMC Storage/Chrome OS) C523NA-BR0300| C523NA-BR0476 C...,"₹17,990",3.7,"₹25,990",/asus-chromebook-celeron-dual-core-4-gb-64-gb-emmc-storage-chrome-os-c523na-br0300-c523na-br0476/p/itm9056369255bfb?pid=COMG49CZHJZVU8WH&lid=LSTCOMG49CZHJZVU8WH9WF5Y1&marketplace=FLIPKART&store=6bo%2Fb5g&srno=b_6_143&otracker=browse&iid=2e20e445-76e9-4efb-806c-dacabe55c496.COMG49CZHJZVU8WH.SEARCH&ssid=7lp5dx1e400000001678100258903
Lenovo Lenovo IdeaPad Slim 3 Intel Core i3 11th Gen - (8 GB/512 GB SSD/Windows 11 Home) 81X800J3IN | 8...,"₹38,490",4.3,"₹59,890",/lenovo-ideapad-slim-3-intel-core-i3-11th-gen-8-gb-512-gb-ssd-windows-11-home-81x800j3in-81x800lgin-thin-light-laptop/p/itm0f71148608a53?pid=COMGBNFUTNYFZRJQ&lid=LSTCOMGBNFUTNYFZRJQFAMIHE&marketplace=FLIPKART&store=6bo%2Fb5g&srno=b_6_144&otracker=browse&iid=en_Ua45oUea9j6eB0wDx2DLPAw0b%2BgqSgY%2FMuU8f6AZ15DaQ3tD%2B39BZ7osIxXlfAj3PAxr7UtmpR%2BiS3L%2BNs7HVg%3D%3D&ssid=7lp5dx1e400000001678100258903
